timestamp,Office_Elizabeth
2012-01-01 00:00:00,3.15973333333
2012-01-01 01:00:00,3.167025
2012-01-01 02:00:00,3.16704166667
2012-01-01 03:00:00,2.74855
2012-01-01 04:00:00,2.23319166667
2012-01-01 05:00:00,2.18201666667
2012-01-01 06:00:00,2.19665833333
2012-01-01 07:00:00,2.20395
2012-01-01 08:00:00,2.2076
2012-01-01 09:00:00,2.22586666667
2012-01-01 10:00:00,2.20213333333
2012-01-01 11:00:00,2.23501666667
2012-01-01 12:00:00,2.20395
2012-01-01 13:00:00,2.2204
2012-01-01 14:00:00,3.11404166667
2012-01-01 15:00:00,3.19628333333
2012-01-01 16:00:00,3.16155833333
2012-01-01 17:00:00,3.18714166667
2012-01-01 18:00:00,3.17251666667
2012-01-01 19:00:00,3.2173
2012-01-01 20:00:00,3.16521666667
2012-01-01 21:00:00,3.18349166667
2012-01-01 22:00:00,3.183475
2012-01-01 23:00:00,3.17254166667
2012-01-02 00:00:00,3.15241666667
2012-01-02 01:00:00,3.1652
2012-01-02 02:00:00,3.137775
2012-01-02 03:00:00,2.74489166667
2012-01-02 04:00:00,2.28070833333
2012-01-02 05:00:00,2.19298333333
2012-01-02 06:00:00,2.21856666667
2012-01-02 07:00:00,2.258775
2012-01-02 08:00:00,2.19846666667
2012-01-02 09:00:00,2.21125833333
2012-01-02 10:00:00,2.20029166667
2012-01-02 11:00:00,2.2021
2012-01-02 12:00:00,2.22405833333
2012-01-02 13:00:00,2.20395
2012-01-02 14:00:00,3.086625
2012-01-02 15:00:00,3.230075
2012-01-02 16:00:00,3.188975
2012-01-02 17:00:00,3.17435
2012-01-02 18:00:00,3.17253333333
2012-01-02 19:00:00,3.1707
2012-01-02 20:00:00,3.17983333333
2012-01-02 21:00:00,3.199925
2012-01-02 22:00:00,3.18168333333
2012-01-02 23:00:00,3.1652
2012-01-03 00:00:00,9.35398333333
2012-01-03 01:00:00,7.60054166667
2012-01-03 02:00:00,12.4022416667
2012-01-03 03:00:00,13.1761916667
2012-01-03 04:00:00,11.635625
2012-01-03 05:00:00,12.6060166667
2012-01-03 06:00:00,14.2169666667
2012-01-03 07:00:00,15.8050333333
2012-01-03 08:00:00,17.3154583333
2012-01-03 09:00:00,18.751875
2012-01-03 10:00:00,18.644975
2012-01-03 11:00:00,17.2432833333
2012-01-03 12:00:00,15.6588416667
2012-01-03 13:00:00,15.015575
2012-01-03 14:00:00,11.3541916667
2012-01-03 15:00:00,3.85781666667
2012-01-03 16:00:00,10.5062333333
2012-01-03 17:00:00,8.115875
2012-01-03 18:00:00,9.6263
2012-01-03 19:00:00,7.015725
2012-01-03 20:00:00,4.39693333333
2012-01-03 21:00:00,3.43019166667
2012-01-03 22:00:00,3.02449166667
2012-01-03 23:00:00,3.38726666667
2012-01-04 00:00:00,9.14475
2012-01-04 01:00:00,9.2745
2012-01-04 02:00:00,10.4029666667
2012-01-04 03:00:00,15.13985
2012-01-04 04:00:00,15.7922416667
2012-01-04 05:00:00,23.3608
2012-01-04 06:00:00,23.5800916667
2012-01-04 07:00:00,25.7840333333
2012-01-04 08:00:00,26.79465
2012-01-04 09:00:00,26.9171083333
2012-01-04 10:00:00,26.1376666667
2012-01-04 11:00:00,24.1594
2012-01-04 12:00:00,17.9358833333
2012-01-04 13:00:00,16.8348416667
2012-01-04 14:00:00,11.838475
2012-01-04 15:00:00,4.04696666667
2012-01-04 16:00:00,3.51790833333
2012-01-04 17:00:00,3.521575
2012-01-04 18:00:00,3.521575
2012-01-04 19:00:00,3.51974166667
2012-01-04 20:00:00,3.51426666667
2012-01-04 21:00:00,3.488675
2012-01-04 22:00:00,3.49050833333
2012-01-04 23:00:00,3.48684166667
2012-01-05 00:00:00,10.9548833333
2012-01-05 01:00:00,9.38965
2012-01-05 02:00:00,13.0464416667
2012-01-05 03:00:00,13.4420916667
2012-01-05 04:00:00,12.3492666667
2012-01-05 05:00:00,13.9994833333
2012-01-05 06:00:00,16.0672916667
2012-01-05 07:00:00,18.5764416667
2012-01-05 08:00:00,18.9245666667
2012-01-05 09:00:00,18.8021333333
2012-01-05 10:00:00,18.3379333333
2012-01-05 11:00:00,18.211825
2012-01-05 12:00:00,17.6389416667
2012-01-05 13:00:00,15.3070583333
2012-01-05 14:00:00,11.8001166667
2012-01-05 15:00:00,4.78618333333
2012-01-05 16:00:00,3.857825
2012-01-05 17:00:00,3.95833333333
2012-01-05 18:00:00,3.92909166667
2012-01-05 19:00:00,3.98940833333
2012-01-05 20:00:00,4.11915
2012-01-05 21:00:00,4.12096666667
2012-01-05 22:00:00,4.12646666667
2012-01-05 23:00:00,4.07893333333
2012-01-06 00:00:00,11.5981416667
2012-01-06 01:00:00,8.68970833333
2012-01-06 02:00:00,13.0912166667
2012-01-06 03:00:00,15.16085
2012-01-06 04:00:00,15.39295
2012-01-06 05:00:00,14.3366583333
2012-01-06 06:00:00,16.2427333333
2012-01-06 07:00:00,17.5877583333
2012-01-06 08:00:00,18.0747916667
2012-01-06 09:00:00,18.23835
2012-01-06 10:00:00,18.2255583333
2012-01-06 11:00:00,17.6060333333
2012-01-06 12:00:00,16.5780833333
2012-01-06 13:00:00,15.5281833333
2012-01-06 14:00:00,12.2935166667
2012-01-06 15:00:00,4.78345833333
2012-01-06 16:00:00,4.00036666667
2012-01-06 17:00:00,3.96016666667
2012-01-06 18:00:00,3.93823333333
2012-01-06 19:00:00,3.983925
2012-01-06 20:00:00,3.95468333333
2012-01-06 21:00:00,3.95103333333
2012-01-06 22:00:00,3.95195833333
2012-01-06 23:00:00,3.91630833333
2012-01-07 00:00:00,11.61825
2012-01-07 01:00:00,8.46219166667
2012-01-07 02:00:00,8.55995833333
2012-01-07 03:00:00,8.34614166667
2012-01-07 04:00:00,7.98339166667
2012-01-07 05:00:00,15.6752833333
2012-01-07 06:00:00,12.2341333333
2012-01-07 07:00:00,12.9221916667
2012-01-07 08:00:00,13.1688833333
2012-01-07 09:00:00,13.5983416667
2012-01-07 10:00:00,9.44445833333
2012-01-07 11:00:00,6.5872
2012-01-07 12:00:00,7.7787
2012-01-07 13:00:00,8.29589166667
2012-01-07 14:00:00,4.33570833333
2012-01-07 15:00:00,3.914475
2012-01-07 16:00:00,3.9163
2012-01-07 17:00:00,3.91446666667
2012-01-07 18:00:00,3.943725
2012-01-07 19:00:00,3.92545
2012-01-07 20:00:00,3.94373333333
2012-01-07 21:00:00,3.9163
2012-01-07 22:00:00,3.93730833333
2012-01-07 23:00:00,3.91083333333
2012-01-08 00:00:00,3.9163
2012-01-08 01:00:00,3.88888333333
2012-01-08 02:00:00,3.85051666667
2012-01-08 03:00:00,3.495975
2012-01-08 04:00:00,2.99341666667
2012-01-08 05:00:00,2.91118333333
2012-01-08 06:00:00,10.58665
2012-01-08 07:00:00,10.4093833333
2012-01-08 08:00:00,10.8945916667
2012-01-08 09:00:00,9.77798333333
2012-01-08 10:00:00,9.50385833333
2012-01-08 11:00:00,9.47919166667
2012-01-08 12:00:00,9.34486666667
2012-01-08 13:00:00,9.12830833333
2012-01-08 14:00:00,4.36588333333
2012-01-08 15:00:00,3.89255
2012-01-08 16:00:00,3.90351666667
2012-01-08 17:00:00,3.91446666667
2012-01-08 18:00:00,3.92545
2012-01-08 19:00:00,3.90351666667
2012-01-08 20:00:00,3.90169166667
2012-01-08 21:00:00,3.90808333333
2012-01-08 22:00:00,3.90350833333
2012-01-08 23:00:00,3.88890833333
2012-01-09 00:00:00,9.34668333333
2012-01-09 01:00:00,9.248
2012-01-09 02:00:00,10.8050416667
2012-01-09 03:00:00,13.7390666667
2012-01-09 04:00:00,14.7149333333
2012-01-09 05:00:00,16.854925
2012-01-09 06:00:00,19.6537416667
2012-01-09 07:00:00,22.4004333333
2012-01-09 08:00:00,23.5910666667
2012-01-09 09:00:00,23.7729
2012-01-09 10:00:00,23.9200166667
2012-01-09 11:00:00,23.47135
2012-01-09 12:00:00,22.3995333333
2012-01-09 13:00:00,20.9138083333
2012-01-09 14:00:00,14.9141333333
2012-01-09 15:00:00,4.95433333333
2012-01-09 16:00:00,4.70760833333
2012-01-09 17:00:00,4.73685833333
2012-01-09 18:00:00,4.78254166667
2012-01-09 19:00:00,4.75695833333
2012-01-09 20:00:00,4.75695
2012-01-09 21:00:00,4.751475
2012-01-09 22:00:00,4.76519166667
2012-01-09 23:00:00,4.740525
2012-01-10 00:00:00,12.4653166667
2012-01-10 01:00:00,11.1696166667
2012-01-10 02:00:00,14.05705
2012-01-10 03:00:00,15.3819833333
2012-01-10 04:00:00,15.5638083333
2012-01-10 05:00:00,14.0396916667
2012-01-10 06:00:00,15.132525
2012-01-10 07:00:00,16.1011083333
2012-01-10 08:00:00,16.790975
2012-01-10 09:00:00,16.7626416667
2012-01-10 10:00:00,15.9567166667
2012-01-10 11:00:00,15.6360083333
2012-01-10 12:00:00,15.3024833333
2012-01-10 13:00:00,14.3238583333
2012-01-10 14:00:00,11.1979416667
2012-01-10 15:00:00,4.29459166667
2012-01-10 16:00:00,3.64036666667
2012-01-10 17:00:00,3.38998333333
2012-01-10 18:00:00,3.36258333333
2012-01-10 19:00:00,3.35708333333
2012-01-10 20:00:00,3.395475
2012-01-10 21:00:00,3.21639166667
2012-01-10 22:00:00,3.19445
2012-01-10 23:00:00,3.17801666667
2012-01-11 00:00:00,10.7566
2012-01-11 01:00:00,8.02084166667
2012-01-11 02:00:00,10.897325
2012-01-11 03:00:00,13.4503083333
2012-01-11 04:00:00,12.430575
2012-01-11 05:00:00,12.2862166667
2012-01-11 06:00:00,12.9724333333
2012-01-11 07:00:00,14.7706833333
2012-01-11 08:00:00,15.1361916667
2012-01-11 09:00:00,15.0576
2012-01-11 10:00:00,14.8236833333
2012-01-11 11:00:00,14.7569833333
2012-01-11 12:00:00,14.172175
2012-01-11 13:00:00,13.8578583333
2012-01-11 14:00:00,11.305775
2012-01-11 15:00:00,4.6126
2012-01-11 16:00:00,4.170325
2012-01-11 17:00:00,4.08445
2012-01-11 18:00:00,4.23246666667
2012-01-11 19:00:00,4.219675
2012-01-11 20:00:00,4.10635833333
2012-01-11 21:00:00,4.015
2012-01-11 22:00:00,4.09175833333
2012-01-11 23:00:00,4.04056666667
2012-01-12 00:00:00,11.41905
2012-01-12 01:00:00,8.69976666667
2012-01-12 02:00:00,13.3032
2012-01-12 03:00:00,15.2476583333
2012-01-12 04:00:00,14.6071333333
2012-01-12 05:00:00,13.0665583333
2012-01-12 06:00:00,14.2379666667
2012-01-12 07:00:00,14.7259083333
2012-01-12 08:00:00,14.9863166667
2012-01-12 09:00:00,15.3947666667
2012-01-12 10:00:00,17.2067166667
2012-01-12 11:00:00,17.1509833333
2012-01-12 12:00:00,15.5391333333
2012-01-12 13:00:00,14.6930166667
2012-01-12 14:00:00,11.421825
2012-01-12 15:00:00,4.28819166667
2012-01-12 16:00:00,3.94555
2012-01-12 17:00:00,4.34211666667
2012-01-12 18:00:00,4.29185833333
2012-01-12 19:00:00,3.9236
2012-01-12 20:00:00,3.76461666667
2012-01-12 21:00:00,4.10271666667
2012-01-12 22:00:00,4.11731666667
2012-01-12 23:00:00,3.95833333333
2012-01-13 00:00:00,11.1897166667
2012-01-13 01:00:00,8.95105
2012-01-13 02:00:00,11.0106333333
2012-01-13 03:00:00,13.4549
2012-01-13 04:00:00,15.1699833333
2012-01-13 05:00:00,14.8620583333
2012-01-13 06:00:00,14.9973
2012-01-13 07:00:00,16.6749333333
2012-01-13 08:00:00,17.98615
2012-01-13 09:00:00,18.54995
2012-01-13 10:00:00,18.4932916667
2012-01-13 11:00:00,17.973375
2012-01-13 12:00:00,17.9011916667
2012-01-13 13:00:00,16.351475
2012-01-13 14:00:00,12.0751416667
2012-01-13 15:00:00,4.51481666667
2012-01-13 16:00:00,3.8688
2012-01-13 17:00:00,4.1411
2012-01-13 18:00:00,4.36405
2012-01-13 19:00:00,4.30008333333
2012-01-13 20:00:00,4.01681666667
2012-01-13 21:00:00,3.68055
2012-01-13 22:00:00,4.121
2012-01-13 23:00:00,4.1886
2012-01-14 00:00:00,4.08078333333
2012-01-14 01:00:00,3.601975
2012-01-14 02:00:00,3.59833333333
2012-01-14 03:00:00,3.82768333333
2012-01-14 04:00:00,3.220025
2012-01-14 05:00:00,16.5259916667
2012-01-14 06:00:00,14.1657833333
2012-01-14 07:00:00,13.1889833333
2012-01-14 08:00:00,12.040425
2012-01-14 09:00:00,12.366625
2012-01-14 10:00:00,4.06341666667
2012-01-14 11:00:00,2.7595
2012-01-14 12:00:00,2.92398333333
2012-01-14 13:00:00,3.32604166667
2012-01-14 14:00:00,4.06980833333
2012-01-14 15:00:00,3.87976666667
2012-01-14 16:00:00,3.66958333333
2012-01-14 17:00:00,3.981175
2012-01-14 18:00:00,4.197725
2012-01-14 19:00:00,4.11733333333
2012-01-14 20:00:00,3.80666666667
2012-01-14 21:00:00,3.61295
2012-01-14 22:00:00,4.0881
2012-01-14 23:00:00,4.1557
2012-01-15 00:00:00,4.08625
2012-01-15 01:00:00,3.75366666667
2012-01-15 02:00:00,3.61841666667
2012-01-15 03:00:00,3.821275
2012-01-15 04:00:00,3.291325
2012-01-15 05:00:00,3.24015
2012-01-15 06:00:00,2.95689166667
2012-01-15 07:00:00,2.947725
2012-01-15 08:00:00,3.47220833333
2012-01-15 09:00:00,3.35890833333
2012-01-15 10:00:00,3.19445
2012-01-15 11:00:00,2.76681666667
2012-01-15 12:00:00,2.956875
2012-01-15 13:00:00,3.43934166667
2012-01-15 14:00:00,4.23978333333
2012-01-15 15:00:00,4.0625
2012-01-15 16:00:00,3.86239166667
2012-01-15 17:00:00,4.033275
2012-01-15 18:00:00,4.38048333333
2012-01-15 19:00:00,4.29095
2012-01-15 20:00:00,4.000375
2012-01-15 21:00:00,3.81396666667
2012-01-15 22:00:00,4.28728333333
2012-01-15 23:00:00,4.365875
2012-01-16 00:00:00,4.2343
2012-01-16 01:00:00,5.14254166667
2012-01-16 02:00:00,10.1928166667
2012-01-16 03:00:00,10.7831
2012-01-16 04:00:00,9.98723333333
2012-01-16 05:00:00,12.7165833333
2012-01-16 06:00:00,12.5055166667
2012-01-16 07:00:00,13.6129666667
2012-01-16 08:00:00,13.1588333333
2012-01-16 09:00:00,12.869175
2012-01-16 10:00:00,13.144225
2012-01-16 11:00:00,11.4236416667
2012-01-16 12:00:00,12.5411416667
2012-01-16 13:00:00,12.075125
2012-01-16 14:00:00,9.77341666667
2012-01-16 15:00:00,4.28910833333
2012-01-16 16:00:00,4.100875
2012-01-16 17:00:00,4.089925
2012-01-16 18:00:00,3.98575
2012-01-16 19:00:00,4.024125
2012-01-16 20:00:00,3.976625
2012-01-16 21:00:00,4.01316666667
2012-01-16 22:00:00,4.01683333333
2012-01-16 23:00:00,3.97845
2012-01-17 00:00:00,9.724075
2012-01-17 01:00:00,8.5435
2012-01-17 02:00:00,11.3331583333
2012-01-17 03:00:00,12.6489583333
2012-01-17 04:00:00,14.833725
2012-01-17 05:00:00,15.8278916667
2012-01-17 06:00:00,14.9826666667
2012-01-17 07:00:00,14.0844583333
2012-01-17 08:00:00,14.5833666667
2012-01-17 09:00:00,14.76795
2012-01-17 10:00:00,14.6692583333
2012-01-17 11:00:00,14.537675
2012-01-17 12:00:00,14.28275
2012-01-17 13:00:00,14.1000083333
2012-01-17 14:00:00,11.1559166667
2012-01-17 15:00:00,4.070725
2012-01-17 16:00:00,3.34065833333
2012-01-17 17:00:00,3.37173333333
2012-01-17 18:00:00,3.34431666667
2012-01-17 19:00:00,3.29314166667
2012-01-17 20:00:00,3.29315
2012-01-17 21:00:00,3.20359166667
2012-01-17 22:00:00,3.12865833333
2012-01-17 23:00:00,3.10855833333
2012-01-18 00:00:00,4.4865
2012-01-18 01:00:00,4.53858333333
2012-01-18 02:00:00,4.78344166667
2012-01-18 03:00:00,4.83005
2012-01-18 04:00:00,4.8794
2012-01-18 05:00:00,17.1701833333
2012-01-18 06:00:00,14.1064
2012-01-18 07:00:00,13.7856666667
2012-01-18 08:00:00,13.9528833333
2012-01-18 09:00:00,14.4234583333
2012-01-18 10:00:00,14.7980916667
2012-01-18 11:00:00,14.8410583333
2012-01-18 12:00:00,14.3933083333
2012-01-18 13:00:00,13.83775
2012-01-18 14:00:00,10.8333666667
2012-01-18 15:00:00,3.983925
2012-01-18 16:00:00,3.53985833333
2012-01-18 17:00:00,3.50330833333
2012-01-18 18:00:00,3.508775
2012-01-18 19:00:00,3.50055
2012-01-18 20:00:00,3.48500833333
2012-01-18 21:00:00,3.35890833333
2012-01-18 22:00:00,3.3242
2012-01-18 23:00:00,3.30593333333
2012-01-19 00:00:00,4.648225
2012-01-19 01:00:00,4.73686666667
2012-01-19 02:00:00,5.03473333333
2012-01-19 03:00:00,7.92674166667
2012-01-19 04:00:00,15.774875
2012-01-19 05:00:00,13.9629333333
2012-01-19 06:00:00,12.975175
2012-01-19 07:00:00,14.121925
2012-01-19 08:00:00,14.7542416667
2012-01-19 09:00:00,15.1087666667
2012-01-19 10:00:00,14.9442916667
2012-01-19 11:00:00,14.8903916667
2012-01-19 12:00:00,14.7816416667
2012-01-19 13:00:00,13.93095
2012-01-19 14:00:00,10.7100083333
2012-01-19 15:00:00,4.13286666667
2012-01-19 16:00:00,3.64219166667
2012-01-19 17:00:00,3.6294
2012-01-19 18:00:00,3.62208333333
2012-01-19 19:00:00,3.60380833333
2012-01-19 20:00:00,3.56175833333
2012-01-19 21:00:00,3.45760833333
2012-01-19 22:00:00,3.44116666667
2012-01-19 23:00:00,3.41190833333
2012-01-20 00:00:00,10.8817833333
2012-01-20 01:00:00,9.375025
2012-01-20 02:00:00,10.7767
2012-01-20 03:00:00,14.9589333333
2012-01-20 04:00:00,14.2178666667
2012-01-20 05:00:00,12.679125
2012-01-20 06:00:00,12.85365
2012-01-20 07:00:00,13.9510583333
2012-01-20 08:00:00,14.4983916667
2012-01-20 09:00:00,14.7213416667
2012-01-20 10:00:00,14.878525
2012-01-20 11:00:00,14.6244916667
2012-01-20 12:00:00,14.737775
2012-01-20 13:00:00,14.025075
2012-01-20 14:00:00,11.0362083333
2012-01-20 15:00:00,3.98941666667
2012-01-20 16:00:00,3.45213333333
2012-01-20 17:00:00,3.52521666667
2012-01-20 18:00:00,3.51426666667
2012-01-20 19:00:00,3.50695
2012-01-20 20:00:00,3.50878333333
2012-01-20 21:00:00,3.38268333333
2012-01-20 22:00:00,3.36259166667
2012-01-20 23:00:00,3.368075
2012-01-21 00:00:00,3.35345
2012-01-21 01:00:00,3.34795833333
2012-01-21 02:00:00,3.34248333333
2012-01-21 03:00:00,3.18166666667
2012-01-21 04:00:00,2.45798333333
2012-01-21 05:00:00,16.6840666667
2012-01-21 06:00:00,12.5804416667
2012-01-21 07:00:00,10.9969166667
2012-01-21 08:00:00,11.1805916667
2012-01-21 09:00:00,11.4400833333
2012-01-21 10:00:00,3.45944166667
2012-01-21 11:00:00,2.42874166667
2012-01-21 12:00:00,2.43970833333
2012-01-21 13:00:00,2.43055833333
2012-01-21 14:00:00,3.33880833333
2012-01-21 15:00:00,3.47040833333
2012-01-21 16:00:00,3.435675
2012-01-21 17:00:00,3.41923333333
2012-01-21 18:00:00,3.42289166667
2012-01-21 19:00:00,3.42563333333
2012-01-21 20:00:00,3.40461666667
2012-01-21 21:00:00,3.40278333333
2012-01-21 22:00:00,3.37170833333
2012-01-21 23:00:00,3.39913333333
2012-01-22 00:00:00,3.38450833333
2012-01-22 01:00:00,3.4101
2012-01-22 02:00:00,3.41373333333
2012-01-22 03:00:00,3.22004166667
2012-01-22 04:00:00,2.52739166667
2012-01-22 05:00:00,2.44518333333
2012-01-22 06:00:00,2.48539166667
2012-01-22 07:00:00,2.457975
2012-01-22 08:00:00,2.45431666667
2012-01-22 09:00:00,2.46526666667
2012-01-22 10:00:00,2.52011666667
2012-01-22 11:00:00,2.50731666667
2012-01-22 12:00:00,2.48173333333
2012-01-22 13:00:00,2.47625
2012-01-22 14:00:00,3.33333333333
2012-01-22 15:00:00,3.402775
2012-01-22 16:00:00,3.39731666667
2012-01-22 17:00:00,3.41191666667
2012-01-22 18:00:00,3.39729166667
2012-01-22 19:00:00,3.42471666667
2012-01-22 20:00:00,3.41923333333
2012-01-22 21:00:00,3.41009166667
2012-01-22 22:00:00,3.44570833333
2012-01-22 23:00:00,3.39364166667
2012-01-23 00:00:00,9.40334166667
2012-01-23 01:00:00,9.27634166667
2012-01-23 02:00:00,11.0773166667
2012-01-23 03:00:00,13.1999583333
2012-01-23 04:00:00,13.8551
2012-01-23 05:00:00,12.286225
2012-01-23 06:00:00,12.1847666667
2012-01-23 07:00:00,12.8006583333
2012-01-23 08:00:00,12.9971083333
2012-01-23 09:00:00,13.1953916667
2012-01-23 10:00:00,13.2356
2012-01-23 11:00:00,13.6595583333
2012-01-23 12:00:00,13.736325
2012-01-23 13:00:00,13.7966416667
2012-01-23 14:00:00,11.0800833333
2012-01-23 15:00:00,4.67470833333
2012-01-23 16:00:00,4.18129166667
2012-01-23 17:00:00,4.16665833333
2012-01-23 18:00:00,4.18128333333
2012-01-23 19:00:00,4.14838333333
2012-01-23 20:00:00,4.14838333333
2012-01-23 21:00:00,3.99124166667
2012-01-23 22:00:00,3.96566666667
2012-01-23 23:00:00,3.94553333333
2012-01-24 00:00:00,11.2938916667
2012-01-24 01:00:00,10.1791083333
2012-01-24 02:00:00,11.121175
2012-01-24 03:00:00,14.0479166667
2012-01-24 04:00:00,15.185525
2012-01-24 05:00:00,15.6122416667
2012-01-24 06:00:00,13.9300416667
2012-01-24 07:00:00,14.251675
2012-01-24 08:00:00,14.670175
2012-01-24 09:00:00,15.2988333333
2012-01-24 10:00:00,16.0992666667
2012-01-24 11:00:00,15.192825
2012-01-24 12:00:00,15.5145
2012-01-24 13:00:00,14.3540166667
2012-01-24 14:00:00,11.3011916667
2012-01-24 15:00:00,4.41795833333
2012-01-24 16:00:00,3.95103333333
2012-01-24 17:00:00,4.00950833333
2012-01-24 18:00:00,4.01681666667
2012-01-24 19:00:00,3.98209166667
2012-01-24 20:00:00,4.12829166667
2012-01-24 21:00:00,4.0625
2012-01-24 22:00:00,4.10638333333
2012-01-24 23:00:00,3.91813333333
2012-01-25 00:00:00,11.3788583333
2012-01-25 01:00:00,9.73138333333
2012-01-25 02:00:00,10.9585416667
2012-01-25 03:00:00,15.3372
2012-01-25 04:00:00,15.032925
2012-01-25 05:00:00,14.4289416667
2012-01-25 06:00:00,15.23395
2012-01-25 07:00:00,16.2253583333
2012-01-25 08:00:00,16.7918833333
2012-01-25 09:00:00,17.2633833333
2012-01-25 10:00:00,16.614625
2012-01-25 11:00:00,15.7977333333
2012-01-25 12:00:00,15.830625
2012-01-25 13:00:00,15.614975
2012-01-25 14:00:00,11.872275
2012-01-25 15:00:00,4.61076666667
2012-01-25 16:00:00,4.04240833333
2012-01-25 17:00:00,4.1082
2012-01-25 18:00:00,4.05610833333
2012-01-25 19:00:00,4.02046666667
2012-01-25 20:00:00,4.02778333333
2012-01-25 21:00:00,3.92545
2012-01-25 22:00:00,3.88708333333
2012-01-25 23:00:00,3.90716666667
2012-01-26 00:00:00,11.539675
2012-01-26 01:00:00,9.979
2012-01-26 02:00:00,13.7509416667
2012-01-26 03:00:00,14.9196166667
2012-01-26 04:00:00,14.5203083333
2012-01-26 05:00:00,14.1410916667
2012-01-26 06:00:00,16.3496416667
2012-01-26 07:00:00,18.1707166667
2012-01-26 08:00:00,19.2233416667
2012-01-26 09:00:00,18.6413083333
2012-01-26 10:00:00,17.645325
2012-01-26 11:00:00,17.7595416667
2012-01-26 12:00:00,17.3364833333
2012-01-26 13:00:00,15.9174333333
2012-01-26 14:00:00,11.7215083333
2012-01-26 15:00:00,4.26809166667
2012-01-26 16:00:00,3.77924166667
2012-01-26 17:00:00,3.60198333333
2012-01-26 18:00:00,3.545325
2012-01-26 19:00:00,3.55628333333
2012-01-26 20:00:00,3.499625
2012-01-26 21:00:00,3.34246666667
2012-01-26 22:00:00,3.34064166667
2012-01-26 23:00:00,3.342475
2012-01-27 00:00:00,11.025225
2012-01-27 01:00:00,9.415225
2012-01-27 02:00:00,12.133625
2012-01-27 03:00:00,14.633625
2012-01-27 04:00:00,13.6422083333
2012-01-27 05:00:00,13.0025916667
2012-01-27 06:00:00,14.566
2012-01-27 07:00:00,15.9859666667
2012-01-27 08:00:00,16.2125666667
2012-01-27 09:00:00,16.3267916667
2012-01-27 10:00:00,16.2948
2012-01-27 11:00:00,17.1071333333
2012-01-27 12:00:00,18.3808833333
2012-01-27 13:00:00,17.4589333333
2012-01-27 14:00:00,12.672725
2012-01-27 15:00:00,4.60163333333
2012-01-27 16:00:00,4.11733333333
2012-01-27 17:00:00,4.03145833333
2012-01-27 18:00:00,4.09175833333
2012-01-27 19:00:00,4.08445833333
2012-01-27 20:00:00,4.05885833333
2012-01-27 21:00:00,3.96746666667
2012-01-27 22:00:00,3.93275
2012-01-27 23:00:00,3.95285
2012-01-28 00:00:00,3.94438333333
2012-01-28 01:00:00,3.93041666667
2012-01-28 02:00:00,3.90771666667
2012-01-28 03:00:00,3.74566666667
2012-01-28 04:00:00,3.05861666667
2012-01-28 05:00:00,19.3139
2012-01-28 06:00:00,14.734125
2012-01-28 07:00:00,15.2997416667
2012-01-28 08:00:00,15.4368083333
2012-01-28 09:00:00,15.7310333333
2012-01-28 10:00:00,4.389625
2012-01-28 11:00:00,3.14510833333
2012-01-28 12:00:00,3.125
2012-01-28 13:00:00,3.1378
2012-01-28 14:00:00,3.98575833333
2012-01-28 15:00:00,4.06983333333
2012-01-28 16:00:00,4.07621666667
2012-01-28 17:00:00,4.04970833333
2012-01-28 18:00:00,4.07163333333
2012-01-28 19:00:00,4.07711666667
2012-01-28 20:00:00,4.06068333333
2012-01-28 21:00:00,4.05701666667
2012-01-28 22:00:00,4.06068333333
2012-01-28 23:00:00,4.077125
2012-01-29 00:00:00,4.07349166667
2012-01-29 01:00:00,4.07713333333
2012-01-29 02:00:00,4.07714166667
2012-01-29 03:00:00,3.90899166667
2012-01-29 04:00:00,3.21821666667
2012-01-29 05:00:00,3.139625
2012-01-29 06:00:00,3.16703333333
2012-01-29 07:00:00,3.16888333333
2012-01-29 08:00:00,3.15425
2012-01-29 09:00:00,3.17800833333
2012-01-29 10:00:00,3.12501666667
2012-01-29 11:00:00,2.79059166667
2012-01-29 12:00:00,2.81616666667
2012-01-29 13:00:00,2.724775
2012-01-29 14:00:00,3.57639166667
2012-01-29 15:00:00,3.64585
2012-01-29 16:00:00,3.64583333333
2012-01-29 17:00:00,3.67965833333
2012-01-29 18:00:00,3.58919166667
2012-01-29 19:00:00,3.59284166667
2012-01-29 20:00:00,3.66229166667
2012-01-29 21:00:00,3.51791666667
2012-01-29 22:00:00,3.508775
2012-01-29 23:00:00,3.51425833333
2012-01-30 00:00:00,9.876675
2012-01-30 01:00:00,9.64274166667
2012-01-30 02:00:00,12.62705
2012-01-30 03:00:00,15.521775
2012-01-30 04:00:00,14.717675
2012-01-30 05:00:00,13.5426
2012-01-30 06:00:00,16.2500416667
2012-01-30 07:00:00,17.4534333333
2012-01-30 08:00:00,18.373575
2012-01-30 09:00:00,17.277075
2012-01-30 10:00:00,17.319125
2012-01-30 11:00:00,16.706
2012-01-30 12:00:00,15.9366166667
2012-01-30 13:00:00,15.0265166667
2012-01-30 14:00:00,11.5597833333
2012-01-30 15:00:00,4.31469166667
2012-01-30 16:00:00,3.856
2012-01-30 17:00:00,3.7957
2012-01-30 18:00:00,3.824925
2012-01-30 19:00:00,3.79385
2012-01-30 20:00:00,3.80116666667
2012-01-30 21:00:00,3.65863333333
2012-01-30 22:00:00,3.75365833333
2012-01-30 23:00:00,3.89803333333
2012-01-31 00:00:00,11.5515583333
2012-01-31 01:00:00,8.57000833333
2012-01-31 02:00:00,11.2271833333
2012-01-31 03:00:00,15.733775
2012-01-31 04:00:00,15.136175
2012-01-31 05:00:00,13.99675
2012-01-31 06:00:00,14.9635
2012-01-31 07:00:00,15.89915
2012-01-31 08:00:00,16.3368416667
2012-01-31 09:00:00,16.5332916667
2012-01-31 10:00:00,16.8741166667
2012-01-31 11:00:00,16.2345
2012-01-31 12:00:00,15.6752833333
2012-01-31 13:00:00,14.6518916667
2012-01-31 14:00:00,11.3752083333
2012-01-31 15:00:00,3.89345833333
2012-01-31 16:00:00,3.36439166667
2012-01-31 17:00:00,3.38635
2012-01-31 18:00:00,3.3635
2012-01-31 19:00:00,3.32786666667
2012-01-31 20:00:00,3.262075
2012-01-31 21:00:00,3.19263333333
2012-01-31 22:00:00,3.15973333333
2012-01-31 23:00:00,3.12501666667
2012-02-01 00:00:00,10.949425
2012-02-01 01:00:00,9.232475
2012-02-01 02:00:00,13.061075
2012-02-01 03:00:00,12.8454166667
2012-02-01 04:00:00,13.5709333333
2012-02-01 05:00:00,12.7494833333
2012-02-01 06:00:00,13.775625
2012-02-01 07:00:00,15.4980166667
2012-02-01 08:00:00,15.229375
2012-02-01 09:00:00,16.2345083333
2012-02-01 10:00:00,16.099275
2012-02-01 11:00:00,15.6853416667
2012-02-01 12:00:00,15.31895
2012-02-01 13:00:00,14.4271166667
2012-02-01 14:00:00,11.204325
2012-02-01 15:00:00,3.81579166667
2012-02-01 16:00:00,3.37536666667
2012-02-01 17:00:00,3.34614166667
2012-02-01 18:00:00,3.37904166667
2012-02-01 19:00:00,3.35526666667
2012-02-01 20:00:00,3.358925
2012-02-01 21:00:00,3.23465
2012-02-01 22:00:00,3.195375
2012-02-01 23:00:00,3.185325
2012-02-02 00:00:00,10.896425
2012-02-02 01:00:00,9.27999166667
2012-02-02 02:00:00,12.9514
2012-02-02 03:00:00,12.62705
2012-02-02 04:00:00,13.3223916667
2012-02-02 05:00:00,12.4698833333
2012-02-02 06:00:00,13.736325
2012-02-02 07:00:00,15.132525
2012-02-02 08:00:00,15.15355
2012-02-02 09:00:00,15.3070583333
2012-02-02 10:00:00,15.4395416667
2012-02-02 11:00:00,15.3655333333
2012-02-02 12:00:00,15.0073333333
2012-02-02 13:00:00,14.3814166667
2012-02-02 14:00:00,10.7547833333
2012-02-02 15:00:00,3.7299
2012-02-02 16:00:00,3.265725
2012-02-02 17:00:00,3.2566
2012-02-02 18:00:00,3.26025
2012-02-02 19:00:00,3.26206666667
2012-02-02 20:00:00,3.23100833333
2012-02-02 21:00:00,3.11405833333
2012-02-02 22:00:00,3.122275
2012-02-02 23:00:00,3.095775
2012-02-03 00:00:00,10.9320333333
2012-02-03 01:00:00,9.14019166667
2012-02-03 02:00:00,12.7156666667
2012-02-03 03:00:00,12.178375
2012-02-03 04:00:00,13.7281
2012-02-03 05:00:00,12.4232833333
2012-02-03 06:00:00,13.7143833333
2012-02-03 07:00:00,15.5263583333
2012-02-03 08:00:00,16.356025
2012-02-03 09:00:00,16.9719083333
2012-02-03 10:00:00,17.0075333333
2012-02-03 11:00:00,16.7388916667
2012-02-03 12:00:00,16.0279916667
2012-02-03 13:00:00,15.129775
2012-02-03 14:00:00,11.3752
2012-02-03 15:00:00,4.06434166667
2012-02-03 16:00:00,3.66593333333
2012-02-03 17:00:00,3.554475
2012-02-03 18:00:00,3.5508
2012-02-03 19:00:00,3.52888333333
2012-02-03 20:00:00,3.492325
2012-02-03 21:00:00,3.37171666667
2012-02-03 22:00:00,3.33883333333
2012-02-03 23:00:00,3.33884166667
2012-02-04 00:00:00,3.33334166667
2012-02-04 01:00:00,3.346125
2012-02-04 02:00:00,3.32785
2012-02-04 03:00:00,3.16246666667
2012-02-04 04:00:00,2.45065833333
2012-02-04 05:00:00,16.8320833333
2012-02-04 06:00:00,12.8573083333
2012-02-04 07:00:00,13.417425
2012-02-04 08:00:00,14.0360333333
2012-02-04 09:00:00,14.0003916667
2012-02-04 10:00:00,3.63213333333
2012-02-04 11:00:00,2.45615833333
2012-02-04 12:00:00,2.41229166667
2012-02-04 13:00:00,2.43238333333
2012-02-04 14:00:00,3.26025
2012-02-04 15:00:00,3.39183333333
2012-02-04 16:00:00,3.34978333333
2012-02-04 17:00:00,3.33335
2012-02-04 18:00:00,3.37720833333
2012-02-04 19:00:00,3.34979166667
2012-02-04 20:00:00,3.35345
2012-02-04 21:00:00,3.38816666667
2012-02-04 22:00:00,3.347975
2012-02-04 23:00:00,3.34065833333
2012-02-05 00:00:00,3.358925
2012-02-05 01:00:00,3.31871666667
2012-02-05 02:00:00,3.35344166667
2012-02-05 03:00:00,3.20085
2012-02-05 04:00:00,2.45065833333
2012-02-05 05:00:00,2.388525
2012-02-05 06:00:00,2.44518333333
2012-02-05 07:00:00,2.41595
2012-02-05 08:00:00,2.42689166667
2012-02-05 09:00:00,2.401325
2012-02-05 10:00:00,2.41958333333
2012-02-05 11:00:00,2.425075
2012-02-05 12:00:00,2.404975
2012-02-05 13:00:00,2.39584166667
2012-02-05 14:00:00,3.26023333333
2012-02-05 15:00:00,3.33335833333
2012-02-05 16:00:00,3.3443
2012-02-05 17:00:00,3.32968333333
2012-02-05 18:00:00,3.35344166667
2012-02-05 19:00:00,3.35161666667
2012-02-05 20:00:00,3.338825
2012-02-05 21:00:00,3.326025
2012-02-05 22:00:00,3.315075
2012-02-05 23:00:00,3.340675
2012-02-06 00:00:00,9.710375
2012-02-06 01:00:00,8.19171666667
2012-02-06 02:00:00,10.75295
2012-02-06 03:00:00,15.0420833333
2012-02-06 04:00:00,15.4751833333
2012-02-06 05:00:00,18.342525
2012-02-06 06:00:00,21.1221333333
2012-02-06 07:00:00,22.2286833333
2012-02-06 08:00:00,23.1332833333
2012-02-06 09:00:00,21.5259916667
2012-02-06 10:00:00,21.7343166667
2012-02-06 11:00:00,21.5972833333
2012-02-06 12:00:00,21.5744416667
2012-02-06 13:00:00,19.1475166667
2012-02-06 14:00:00,11.329525
2012-02-06 15:00:00,3.708875
2012-02-06 16:00:00,3.25293333333
2012-02-06 17:00:00,3.229175
2012-02-06 18:00:00,3.199925
2012-02-06 19:00:00,3.23283333333
2012-02-06 20:00:00,3.26025833333
2012-02-06 21:00:00,3.075675
2012-02-06 22:00:00,3.10490833333
2012-02-06 23:00:00,3.07565833333
2012-02-07 00:00:00,11.5204833333
2012-02-07 01:00:00,10.5345583333
2012-02-07 02:00:00,14.3229416667
2012-02-07 03:00:00,15.3161916667
2012-02-07 04:00:00,16.0343916667
2012-02-07 05:00:00,13.413775
2012-02-07 06:00:00,13.1104166667
2012-02-07 07:00:00,13.8660833333
2012-02-07 08:00:00,14.28185
2012-02-07 09:00:00,14.1712666667
2012-02-07 10:00:00,14.5349416667
2012-02-07 11:00:00,14.2690333333
2012-02-07 12:00:00,14.00405
2012-02-07 13:00:00,13.686975
2012-02-07 14:00:00,10.3043
2012-02-07 15:00:00,4.426175
2012-02-07 16:00:00,3.91081666667
2012-02-07 17:00:00,3.87700833333
2012-02-07 18:00:00,3.771925
2012-02-07 19:00:00,3.76280833333
2012-02-07 20:00:00,3.751825
2012-02-07 21:00:00,3.62755833333
2012-02-07 22:00:00,3.5636
2012-02-07 23:00:00,3.54715833333
2012-02-08 00:00:00,11.508625
2012-02-08 01:00:00,9.730475
2012-02-08 02:00:00,12.1729083333
2012-02-08 03:00:00,14.7323083333
2012-02-08 04:00:00,13.3087
2012-02-08 05:00:00,13.9921666667
2012-02-08 06:00:00,15.1160833333
2012-02-08 07:00:00,15.7127666667
2012-02-08 08:00:00,15.9229
2012-02-08 09:00:00,16.4473916667
2012-02-08 10:00:00,17.0504916667
2012-02-08 11:00:00,16.8695583333
2012-02-08 12:00:00,16.368825
2012-02-08 13:00:00,15.7621
2012-02-08 14:00:00,10.5893833333
2012-02-08 15:00:00,4.22696666667
2012-02-08 16:00:00,3.67873333333
2012-02-08 17:00:00,3.69335
2012-02-08 18:00:00,3.73721666667
2012-02-08 19:00:00,3.684225
2012-02-08 20:00:00,3.69335
2012-02-08 21:00:00,3.56360833333
2012-02-08 22:00:00,3.55263333333
2012-02-08 23:00:00,3.54714166667
2012-02-09 00:00:00,11.6146166667
2012-02-09 01:00:00,9.74783333333
2012-02-09 02:00:00,12.46805
2012-02-09 03:00:00,14.58885
2012-02-09 04:00:00,14.3969666667
2012-02-09 05:00:00,14.4179666667
2012-02-09 06:00:00,16.2061833333
2012-02-09 07:00:00,18.3626166667
2012-02-09 08:00:00,18.7162333333
2012-02-09 09:00:00,19.370475
2012-02-09 10:00:00,18.3553
2012-02-09 11:00:00,17.465325
2012-02-09 12:00:00,17.2972
2012-02-09 13:00:00,16.2372416667
2012-02-09 14:00:00,10.3235083333
2012-02-09 15:00:00,3.71986666667
2012-02-09 16:00:00,3.241975
2012-02-09 17:00:00,3.26939166667
2012-02-09 18:00:00,3.20176666667
2012-02-09 19:00:00,3.18165833333
2012-02-09 20:00:00,3.21090833333
2012-02-09 21:00:00,3.05921666667
2012-02-09 22:00:00,3.04826666667
2012-02-09 23:00:00,3.03363333333
2012-02-10 00:00:00,11.1961083333
2012-02-10 01:00:00,9.262625
2012-02-10 02:00:00,11.6712583333
2012-02-10 03:00:00,14.797175
2012-02-10 04:00:00,14.74145
2012-02-10 05:00:00,14.009525
2012-02-10 06:00:00,15.0329333333
2012-02-10 07:00:00,16.2774666667
2012-02-10 08:00:00,16.8220416667
2012-02-10 09:00:00,16.910675
2012-02-10 10:00:00,15.8525666667
2012-02-10 11:00:00,16.342325
2012-02-10 12:00:00,15.593975
2012-02-10 13:00:00,14.6062083333
2012-02-10 14:00:00,10.0566833333
2012-02-10 15:00:00,3.78016666667
2012-02-10 16:00:00,3.30775833333
2012-02-10 17:00:00,3.30776666667
2012-02-10 18:00:00,3.282175
2012-02-10 19:00:00,3.29495833333
2012-02-10 20:00:00,3.347975
2012-02-10 21:00:00,3.139625
2012-02-10 22:00:00,3.14145
2012-02-10 23:00:00,3.13049166667
2012-02-11 00:00:00,3.139625
2012-02-11 01:00:00,3.14145
2012-02-11 02:00:00,3.13414166667
2012-02-11 03:00:00,2.98245
2012-02-11 04:00:00,2.23501666667
2012-02-11 05:00:00,17.8518333333
2012-02-11 06:00:00,11.76355
2012-02-11 07:00:00,11.4875916667
2012-02-11 08:00:00,11.6931916667
2012-02-11 09:00:00,11.7370666667
2012-02-11 10:00:00,3.20815
2012-02-11 11:00:00,2.25510833333
2012-02-11 12:00:00,2.27705
2012-02-11 13:00:00,2.18750833333
2012-02-11 14:00:00,3.066525
2012-02-11 15:00:00,3.169775
2012-02-11 16:00:00,3.145125
2012-02-11 17:00:00,3.11404166667
2012-02-11 18:00:00,3.139625
2012-02-11 19:00:00,3.156075
2012-02-11 20:00:00,3.135975
2012-02-11 21:00:00,3.1378
2012-02-11 22:00:00,3.13231666667
2012-02-11 23:00:00,3.125
2012-02-12 00:00:00,3.1177
2012-02-12 01:00:00,3.112225
2012-02-12 02:00:00,3.12865833333
2012-02-12 03:00:00,2.96418333333
2012-02-12 04:00:00,2.24780833333
2012-02-12 05:00:00,2.15825
2012-02-12 06:00:00,2.22405
2012-02-12 07:00:00,2.165575
2012-02-12 08:00:00,2.194825
2012-02-12 09:00:00,2.20944166667
2012-02-12 10:00:00,2.271575
2012-02-12 11:00:00,2.2405
2012-02-12 12:00:00,2.2131
2012-02-12 13:00:00,2.18203333333
2012-02-12 14:00:00,3.053725
2012-02-12 15:00:00,3.115875
2012-02-12 16:00:00,3.1104
2012-02-12 17:00:00,3.14236666667
2012-02-12 18:00:00,3.1177
2012-02-12 19:00:00,3.099425
2012-02-12 20:00:00,3.12683333333
2012-02-12 21:00:00,3.119525
2012-02-12 22:00:00,3.09943333333
2012-02-12 23:00:00,3.119525
2012-02-13 00:00:00,9.58975833333
2012-02-13 01:00:00,9.900425
2012-02-13 02:00:00,12.685525
2012-02-13 03:00:00,14.5166583333
2012-02-13 04:00:00,13.8651666667
2012-02-13 05:00:00,12.652625
2012-02-13 06:00:00,13.0638
2012-02-13 07:00:00,13.38635
2012-02-13 08:00:00,13.6906333333
2012-02-13 09:00:00,13.9044666667
2012-02-13 10:00:00,13.89715
2012-02-13 11:00:00,13.6604833333
2012-02-13 12:00:00,12.9569
2012-02-13 13:00:00,13.0309166667
2012-02-13 14:00:00,9.65371666667
2012-02-13 15:00:00,11.775425
2012-02-13 16:00:00,7.49910833333
2012-02-13 17:00:00,7.34375833333
2012-02-13 18:00:00,7.47351666667
2012-02-13 19:00:00,3.90900833333
2012-02-13 20:00:00,3.30044166667
2012-02-13 21:00:00,3.18531666667
2012-02-13 22:00:00,3.20724166667
2012-02-13 23:00:00,3.163375
2012-02-14 00:00:00,9.56050833333
2012-02-14 01:00:00,9.51755833333
2012-02-14 02:00:00,10.926575
2012-02-14 03:00:00,13.3032083333
2012-02-14 04:00:00,14.4307666667
2012-02-14 05:00:00,13.9894333333
2012-02-14 06:00:00,12.99345
2012-02-14 07:00:00,13.7747
2012-02-14 08:00:00,14.70215
2012-02-14 09:00:00,14.9306
2012-02-14 10:00:00,15.0238
2012-02-14 11:00:00,15.0850083333
2012-02-14 12:00:00,14.97445
2012-02-14 13:00:00,14.2242583333
2012-02-14 14:00:00,9.746
2012-02-14 15:00:00,11.8868916667
2012-02-14 16:00:00,7.39036666667
2012-02-14 17:00:00,7.29990833333
2012-02-14 18:00:00,7.454325
2012-02-14 19:00:00,3.78108333333
2012-02-14 20:00:00,3.21456666667
2012-02-14 21:00:00,3.06288333333
2012-02-14 22:00:00,3.062875
2012-02-14 23:00:00,3.05190833333
2012-02-15 00:00:00,9.452675
2012-02-15 01:00:00,9.70124166667
2012-02-15 02:00:00,11.6475166667
2012-02-15 03:00:00,12.1171833333
2012-02-15 04:00:00,14.3567666667
2012-02-15 05:00:00,14.0004
2012-02-15 06:00:00,12.9404583333
2012-02-15 07:00:00,13.5005833333
2012-02-15 08:00:00,13.486875
2012-02-15 09:00:00,13.2401666667
2012-02-15 10:00:00,13.9912583333
2012-02-15 11:00:00,13.4549
2012-02-15 12:00:00,13.101275
2012-02-15 13:00:00,12.6882583333
2012-02-15 14:00:00,9.24800833333
2012-02-15 15:00:00,11.350525
2012-02-15 16:00:00,6.87135
2012-02-15 17:00:00,7.30355833333
2012-02-15 18:00:00,9.620825
2012-02-15 19:00:00,3.73081666667
2012-02-15 20:00:00,3.196275
2012-02-15 21:00:00,3.06105
2012-02-15 22:00:00,3.01353333333
2012-02-15 23:00:00,3.04186666667
2012-02-16 00:00:00,8.194475
2012-02-16 01:00:00,9.44538333333
2012-02-16 02:00:00,11.888725
2012-02-16 03:00:00,11.1220916667
2012-02-16 04:00:00,13.6312333333
2012-02-16 05:00:00,15.27965
2012-02-16 06:00:00,16.51685
2012-02-16 07:00:00,14.2553166667
2012-02-16 08:00:00,14.3512666667
2012-02-16 09:00:00,14.8739333333
2012-02-16 10:00:00,14.8337333333
2012-02-16 11:00:00,14.8447
2012-02-16 12:00:00,14.1402
2012-02-16 13:00:00,13.567275
2012-02-16 14:00:00,9.518475
2012-02-16 15:00:00,11.44285
2012-02-16 16:00:00,7.37666666667
2012-02-16 17:00:00,7.35198333333
2012-02-16 18:00:00,7.50091666667
2012-02-16 19:00:00,3.75091666667
2012-02-16 20:00:00,3.17983333333
2012-02-16 21:00:00,3.029975
2012-02-16 22:00:00,3.03729166667
2012-02-16 23:00:00,3.01719166667
2012-02-17 00:00:00,8.912675
2012-02-17 01:00:00,9.87209166667
2012-02-17 02:00:00,11.0380333333
2012-02-17 03:00:00,14.098175
2012-02-17 04:00:00,14.0259833333
2012-02-17 05:00:00,15.8964083333
2012-02-17 06:00:00,19.0588916667
2012-02-17 07:00:00,20.8626166667
2012-02-17 08:00:00,20.9128666667
2012-02-17 09:00:00,16.62925
2012-02-17 10:00:00,15.2001333333
2012-02-17 11:00:00,15.470625
2012-02-17 12:00:00,15.15445
2012-02-17 13:00:00,14.4563416667
2012-02-17 14:00:00,9.70578333333
2012-02-17 15:00:00,11.5743916667
2012-02-17 16:00:00,7.48358333333
2012-02-17 17:00:00,7.36844166667
2012-02-17 18:00:00,7.595975
2012-02-17 19:00:00,3.73355
2012-02-17 20:00:00,3.14325833333
2012-02-17 21:00:00,3.019025
2012-02-17 22:00:00,2.98978333333
2012-02-17 23:00:00,3.00805833333
2012-02-18 00:00:00,2.97696666667
2012-02-18 01:00:00,3.022675
2012-02-18 02:00:00,3.01353333333
2012-02-18 03:00:00,2.83078333333
2012-02-18 04:00:00,2.10708333333
2012-02-18 05:00:00,16.208
2012-02-18 06:00:00,12.5027666667
2012-02-18 07:00:00,12.0650916667
2012-02-18 08:00:00,12.2377833333
2012-02-18 09:00:00,12.2852916667
2012-02-18 10:00:00,3.19536666667
2012-02-18 11:00:00,2.07601666667
2012-02-18 12:00:00,2.121725
2012-02-18 13:00:00,2.08698333333
2012-02-18 14:00:00,2.95323333333
2012-02-18 15:00:00,3.022675
2012-02-18 16:00:00,3.05191666667
2012-02-18 17:00:00,3.02999166667
2012-02-18 18:00:00,3.04551666667
2012-02-18 19:00:00,3.03546666667
2012-02-18 20:00:00,3.04095833333
2012-02-18 21:00:00,3.04460833333
2012-02-18 22:00:00,3.042775
2012-02-18 23:00:00,3.046425
2012-02-19 00:00:00,3.02269166667
2012-02-19 01:00:00,3.046425
2012-02-19 02:00:00,3.05649166667
2012-02-19 03:00:00,2.87098333333
2012-02-19 04:00:00,2.165575
2012-02-19 05:00:00,2.09246666667
2012-02-19 06:00:00,2.09248333333
2012-02-19 07:00:00,2.09615
2012-02-19 08:00:00,2.09979166667
2012-02-19 09:00:00,2.09245833333
2012-02-19 10:00:00,2.10525833333
2012-02-19 11:00:00,2.193
2012-02-19 12:00:00,2.10709166667
2012-02-19 13:00:00,2.079675
2012-02-19 14:00:00,2.91849166667
2012-02-19 15:00:00,2.998925
2012-02-19 16:00:00,3.00804166667
2012-02-19 17:00:00,3.01356666667
2012-02-19 18:00:00,3.02998333333
2012-02-19 19:00:00,3.00625
2012-02-19 20:00:00,3.00073333333
2012-02-19 21:00:00,3.01353333333
2012-02-19 22:00:00,3.01173333333
2012-02-19 23:00:00,3.01355
2012-02-20 00:00:00,2.993425
2012-02-20 01:00:00,4.18860833333
2012-02-20 02:00:00,9.99544166667
2012-02-20 03:00:00,9.37045833333
2012-02-20 04:00:00,10.5820833333
2012-02-20 05:00:00,10.9877833333
2012-02-20 06:00:00,11.3075833333
2012-02-20 07:00:00,10.8516416667
2012-02-20 08:00:00,13.3260583333
2012-02-20 09:00:00,11.65025
2012-02-20 10:00:00,11.6219083333
2012-02-20 11:00:00,11.2619166667
2012-02-20 12:00:00,13.6148083333
2012-02-20 13:00:00,10.9585333333
2012-02-20 14:00:00,8.72806666667
2012-02-20 15:00:00,3.69791666667
2012-02-20 16:00:00,3.53435833333
2012-02-20 17:00:00,3.467675
2012-02-20 18:00:00,3.46125833333
2012-02-20 19:00:00,3.44665
2012-02-20 20:00:00,3.43385833333
2012-02-20 21:00:00,3.32055
2012-02-20 22:00:00,3.30044166667
2012-02-20 23:00:00,3.298625
2012-02-21 00:00:00,9.23888333333
2012-02-21 01:00:00,9.76794166667
2012-02-21 02:00:00,11.98375
2012-02-21 03:00:00,14.2909666667
2012-02-21 04:00:00,14.710375
2012-02-21 05:00:00,13.7052666667
2012-02-21 06:00:00,14.51575
2012-02-21 07:00:00,14.9817666667
2012-02-21 08:00:00,15.21385
2012-02-21 09:00:00,15.7886
2012-02-21 10:00:00,15.690825
2012-02-21 11:00:00,15.6122416667
2012-02-21 12:00:00,15.2750833333
2012-02-21 13:00:00,14.5175833333
2012-02-21 14:00:00,9.88215
2012-02-21 15:00:00,11.6941
2012-02-21 16:00:00,7.62794166667
2012-02-21 17:00:00,7.61241666667
2012-02-21 18:00:00,7.80885833333
2012-02-21 19:00:00,4.03691666667
2012-02-21 20:00:00,3.46125833333
2012-02-21 21:00:00,3.30410833333
2012-02-21 22:00:00,3.28948333333
2012-02-21 23:00:00,3.28765833333
2012-02-22 00:00:00,9.068
2012-02-22 01:00:00,10.173625
2012-02-22 02:00:00,12.5046083333
2012-02-22 03:00:00,12.0943166667
2012-02-22 04:00:00,14.4170666667
2012-02-22 05:00:00,14.461825
2012-02-22 06:00:00,14.9936333333
2012-02-22 07:00:00,15.926575
2012-02-22 08:00:00,16.6219333333
2012-02-22 09:00:00,16.9070166667
2012-02-22 10:00:00,16.6922916667
2012-02-22 11:00:00,19.67385
2012-02-22 12:00:00,21.1202916667
2012-02-22 13:00:00,16.059975
2012-02-22 14:00:00,10.183675
2012-02-22 15:00:00,12.1527916667
2012-02-22 16:00:00,7.692825
2012-02-22 17:00:00,7.64164166667
2012-02-22 18:00:00,8.50971666667
2012-02-22 19:00:00,4.5413
2012-02-22 20:00:00,3.4704
2012-02-22 21:00:00,3.32969166667
2012-02-22 22:00:00,3.34065
2012-02-22 23:00:00,3.30776666667
2012-02-23 00:00:00,8.77925833333
2012-02-23 01:00:00,10.5811666667
2012-02-23 02:00:00,12.383975
2012-02-23 03:00:00,13.9665666667
2012-02-23 04:00:00,13.6860666667
2012-02-23 05:00:00,17.7759916667
2012-02-23 06:00:00,21.4647916667
2012-02-23 07:00:00,21.42
2012-02-23 08:00:00,21.8832666667
2012-02-23 09:00:00,22.1720166667
2012-02-23 10:00:00,21.817475
2012-02-23 11:00:00,20.5309333333
2012-02-23 12:00:00,21.6859
2012-02-23 13:00:00,15.9357083333
2012-02-23 14:00:00,10.087725
2012-02-23 15:00:00,11.9490416667
2012-02-23 16:00:00,7.4324
2012-02-23 17:00:00,7.38580833333
2012-02-23 18:00:00,8.045525
2012-02-23 19:00:00,3.75914166667
2012-02-23 20:00:00,3.18165833333
2012-02-23 21:00:00,3.07018333333
2012-02-23 22:00:00,3.050075
2012-02-23 23:00:00,3.04095833333
2012-02-24 00:00:00,8.82861666667
2012-02-24 01:00:00,10.49345
2012-02-24 02:00:00,10.4815666667
2012-02-24 03:00:00,14.4636666667
2012-02-24 04:00:00,15.3344583333
2012-02-24 05:00:00,16.6328916667
2012-02-24 06:00:00,17.246
2012-02-24 07:00:00,18.416525
2012-02-24 08:00:00,20.222075
2012-02-24 09:00:00,20.6250416667
2012-02-24 10:00:00,20.3107166667
2012-02-24 11:00:00,19.15575
2012-02-24 12:00:00,18.2228166667
2012-02-24 13:00:00,17.6782166667
2012-02-24 14:00:00,10.5098916667
2012-02-24 15:00:00,9.43881666667
2012-02-24 16:00:00,5.5172
2012-02-24 17:00:00,4.90041666667
2012-02-24 18:00:00,4.90225
2012-02-24 19:00:00,3.28034166667
2012-02-24 20:00:00,3.13779166667
2012-02-24 21:00:00,3.01903333333
2012-02-24 22:00:00,2.99890833333
2012-02-24 23:00:00,3.027975
2012-02-25 00:00:00,2.99525833333
2012-02-25 01:00:00,2.98793333333
2012-02-25 02:00:00,3.00255833333
2012-02-25 03:00:00,2.83625833333
2012-02-25 04:00:00,2.11988333333
2012-02-25 05:00:00,12.257875
2012-02-25 06:00:00,17.360225
2012-02-25 07:00:00,17.1263166667
2012-02-25 08:00:00,17.1491666667
2012-02-25 09:00:00,17.3447083333
2012-02-25 10:00:00,3.64766666667
2012-02-25 11:00:00,2.06323333333
2012-02-25 12:00:00,2.088825
2012-02-25 13:00:00,2.06324166667
2012-02-25 14:00:00,2.97150833333
2012-02-25 15:00:00,3.02268333333
2012-02-25 16:00:00,3.03181666667
2012-02-25 17:00:00,3.00989166667
2012-02-25 18:00:00,3.02631666667
2012-02-25 19:00:00,3.0446
2012-02-25 20:00:00,3.01355
2012-02-25 21:00:00,3.013525
2012-02-25 22:00:00,3.03
2012-02-25 23:00:00,3.031825
2012-02-26 00:00:00,3.011725
2012-02-26 01:00:00,3.00804166667
2012-02-26 02:00:00,3.00805833333
2012-02-26 03:00:00,2.86824166667
2012-02-26 04:00:00,2.14545833333
2012-02-26 05:00:00,2.04860833333
2012-02-26 06:00:00,2.0742
2012-02-26 07:00:00,2.08515833333
2012-02-26 08:00:00,2.09246666667
2012-02-26 09:00:00,2.09795
2012-02-26 10:00:00,2.10345833333
2012-02-26 11:00:00,2.09793333333
2012-02-26 12:00:00,2.08514166667
2012-02-26 13:00:00,2.05773333333
2012-02-26 14:00:00,2.91666666667
2012-02-26 15:00:00,3.02085
2012-02-26 16:00:00,3.02085833333
2012-02-26 17:00:00,3.02450833333
2012-02-26 18:00:00,3.02998333333
2012-02-26 19:00:00,3.04278333333
2012-02-26 20:00:00,3.0172
2012-02-26 21:00:00,3.00805833333
2012-02-26 22:00:00,3.0172
2012-02-26 23:00:00,3.00075
2012-02-27 00:00:00,9.85748333333
2012-02-27 01:00:00,10.9219916667
2012-02-27 02:00:00,10.6542666667
2012-02-27 03:00:00,11.566175
2012-02-27 04:00:00,13.489625
2012-02-27 05:00:00,15.079525
2012-02-27 06:00:00,12.34745
2012-02-27 07:00:00,12.6133333333
2012-02-27 08:00:00,12.6553666667
2012-02-27 09:00:00,12.8335416667
2012-02-27 10:00:00,13.1104166667
2012-02-27 11:00:00,12.7504
2012-02-27 12:00:00,12.4881583333
2012-02-27 13:00:00,12.2112833333
2012-02-27 14:00:00,9.04973333333
2012-02-27 15:00:00,10.9658333333
2012-02-27 16:00:00,7.11534166667
2012-02-27 17:00:00,7.20395833333
2012-02-27 18:00:00,7.44428333333
2012-02-27 19:00:00,3.644
2012-02-27 20:00:00,3.23281666667
2012-02-27 21:00:00,3.12044166667
2012-02-27 22:00:00,3.04276666667
2012-02-27 23:00:00,3.01354166667
2012-02-28 00:00:00,8.72260833333
2012-02-28 01:00:00,9.11369166667
2012-02-28 02:00:00,10.75385
2012-02-28 03:00:00,13.0025916667
2012-02-28 04:00:00,13.8130916667
2012-02-28 05:00:00,14.6418416667
2012-02-28 06:00:00,15.6332666667
2012-02-28 07:00:00,17.08245
2012-02-28 08:00:00,17.639825
2012-02-28 09:00:00,18.4092
2012-02-28 10:00:00,18.3023083333
2012-02-28 11:00:00,18.508825
2012-02-28 12:00:00,18.4284083333
2012-02-28 13:00:00,17.701975
2012-02-28 14:00:00,10.7593416667
2012-02-28 15:00:00,12.2478333333
2012-02-28 16:00:00,8.52525
2012-02-28 17:00:00,8.74545
2012-02-28 18:00:00,8.97938333333
2012-02-28 19:00:00,3.88251666667
2012-02-28 20:00:00,3.18715
2012-02-28 21:00:00,3.36
2012-02-28 22:00:00,3.31
2012-02-28 23:00:00,3.31
2012-02-29 00:00:00,6.835
2012-02-29 01:00:00,8.34
2012-02-29 02:00:00,9.9575
2012-02-29 03:00:00,11.3225
2012-02-29 04:00:00,12.0825
2012-02-29 05:00:00,12.4875
2012-02-29 06:00:00,12.915
2012-02-29 07:00:00,13.9825
2012-02-29 08:00:00,14.6375
2012-02-29 09:00:00,14.33
2012-02-29 10:00:00,13.89
2012-02-29 11:00:00,13.8575
2012-02-29 12:00:00,13.6475
2012-02-29 13:00:00,13.0
2012-02-29 14:00:00,9.33
2012-02-29 15:00:00,8.635
2012-02-29 16:00:00,6.6675
2012-02-29 17:00:00,6.47
2012-02-29 18:00:00,6.5125
2012-02-29 19:00:00,4.4075
2012-02-29 20:00:00,3.39
2012-02-29 21:00:00,3.04643333333
2012-02-29 22:00:00,3.05558333333
2012-02-29 23:00:00,3.01720833333
2012-03-01 00:00:00,8.9483
2012-03-01 01:00:00,9.91595833333
2012-03-01 02:00:00,10.651525
2012-03-01 03:00:00,14.7807166667
2012-03-01 04:00:00,14.957075
2012-03-01 05:00:00,13.0638166667
2012-03-01 06:00:00,12.7814583333
2012-03-01 07:00:00,13.8496416667
2012-03-01 08:00:00,14.1731
2012-03-01 09:00:00,14.1329
2012-03-01 10:00:00,14.5285583333
2012-03-01 11:00:00,14.3064916667
2012-03-01 12:00:00,14.154825
2012-03-01 13:00:00,13.9921666667
2012-03-01 14:00:00,9.99818333333
2012-03-01 15:00:00,11.7736
2012-03-01 16:00:00,7.71290833333
2012-03-01 17:00:00,7.51189166667
2012-03-01 18:00:00,7.656275
2012-03-01 19:00:00,4.06890833333
2012-03-01 20:00:00,3.57639166667
2012-03-01 21:00:00,3.399125
2012-03-01 22:00:00,3.44481666667
2012-03-01 23:00:00,3.40825
2012-03-02 00:00:00,9.17033333333
2012-03-02 01:00:00,9.78710833333
2012-03-02 02:00:00,12.65445
2012-03-02 03:00:00,11.7626333333
2012-03-02 04:00:00,13.6440416667
2012-03-02 05:00:00,13.762825
2012-03-02 06:00:00,14.434425
2012-03-02 07:00:00,16.1285083333
2012-03-02 08:00:00,15.202875
2012-03-02 09:00:00,15.3472583333
2012-03-02 10:00:00,15.228475
2012-03-02 11:00:00,15.3865666667
2012-03-02 12:00:00,15.7474666667
2012-03-02 13:00:00,15.311625
2012-03-02 14:00:00,10.7118333333
2012-03-02 15:00:00,12.59415
2012-03-02 16:00:00,7.75128333333
2012-03-02 17:00:00,7.82530833333
2012-03-02 18:00:00,7.55759166667
2012-03-02 19:00:00,4.17764166667
2012-03-02 20:00:00,3.59465833333
2012-03-02 21:00:00,3.43750833333
2012-03-02 22:00:00,3.432025
2012-03-02 23:00:00,3.4119
2012-03-03 00:00:00,3.42105833333
2012-03-03 01:00:00,3.39729166667
2012-03-03 02:00:00,3.4174
2012-03-03 03:00:00,3.23465833333
2012-03-03 04:00:00,2.55481666667
2012-03-03 05:00:00,17.3419583333
2012-03-03 06:00:00,13.377225
2012-03-03 07:00:00,12.8911166667
2012-03-03 08:00:00,12.965125
2012-03-03 09:00:00,13.1250416667
2012-03-03 10:00:00,3.58918333333
2012-03-03 11:00:00,2.57675833333
2012-03-03 12:00:00,2.46711666667
2012-03-03 13:00:00,2.51463333333
2012-03-03 14:00:00,3.37355
2012-03-03 15:00:00,3.45395
2012-03-03 16:00:00,3.47861666667
2012-03-03 17:00:00,3.44115833333
2012-03-03 18:00:00,3.4247
2012-03-03 19:00:00,3.43385
2012-03-03 20:00:00,3.45576666667
2012-03-03 21:00:00,3.411925
2012-03-03 22:00:00,3.419225
2012-03-03 23:00:00,3.41375
2012-03-04 00:00:00,3.43568333333
2012-03-04 01:00:00,3.40643333333
2012-03-04 02:00:00,3.40095833333
2012-03-04 03:00:00,3.26024166667
2012-03-04 04:00:00,2.584075
2012-03-04 05:00:00,2.49085833333
2012-03-04 06:00:00,2.52010833333
2012-03-04 07:00:00,2.542025
2012-03-04 08:00:00,2.5201
2012-03-04 09:00:00,2.52740833333
2012-03-04 10:00:00,2.5
2012-03-04 11:00:00,2.50366666667
2012-03-04 12:00:00,2.50915833333
2012-03-04 13:00:00,2.47443333333
2012-03-04 14:00:00,3.335175
2012-03-04 15:00:00,3.44480833333
2012-03-04 16:00:00,3.48409166667
2012-03-04 17:00:00,3.42286666667
2012-03-04 18:00:00,3.44115833333
2012-03-04 19:00:00,3.42835
2012-03-04 20:00:00,3.48318333333
2012-03-04 21:00:00,3.43203333333
2012-03-04 22:00:00,3.432025
2012-03-04 23:00:00,3.44664166667
2012-03-05 00:00:00,10.2750583333
2012-03-05 01:00:00,11.073675
2012-03-05 02:00:00,14.7542333333
2012-03-05 03:00:00,13.3023
2012-03-05 04:00:00,13.4320416667
2012-03-05 05:00:00,13.7783583333
2012-03-05 06:00:00,15.9987583333
2012-03-05 07:00:00,17.60695
2012-03-05 08:00:00,18.075675
2012-03-05 09:00:00,19.0543083333
2012-03-05 10:00:00,19.2352416667
2012-03-05 11:00:00,18.337025
2012-03-05 12:00:00,16.734325
2012-03-05 13:00:00,16.547
2012-03-05 14:00:00,10.2449166667
2012-03-05 15:00:00,13.0583333333
2012-03-05 16:00:00,8.15333333333
2012-03-05 17:00:00,8.33883333333
2012-03-05 18:00:00,9.18313333333
2012-03-05 19:00:00,4.60618333333
2012-03-05 20:00:00,4.13743333333
2012-03-05 21:00:00,4.05520833333
2012-03-05 22:00:00,4.0552
2012-03-05 23:00:00,4.0022
2012-03-06 00:00:00,9.86753333333
2012-03-06 01:00:00,11.2728666667
2012-03-06 02:00:00,14.6930083333
2012-03-06 03:00:00,15.1782083333
2012-03-06 04:00:00,16.4857833333
2012-03-06 05:00:00,15.4203583333
2012-03-06 06:00:00,13.9565333333
2012-03-06 07:00:00,13.8030416667
2012-03-06 08:00:00,14.06345
2012-03-06 09:00:00,14.0899416667
2012-03-06 10:00:00,14.3174666667
2012-03-06 11:00:00,14.3092416667
2012-03-06 12:00:00,14.2160416667
2012-03-06 13:00:00,13.5992583333
2012-03-06 14:00:00,9.75421666667
2012-03-06 15:00:00,11.5808
2012-03-06 16:00:00,7.533825
2012-03-06 17:00:00,7.28163333333
2012-03-06 18:00:00,7.49635833333
2012-03-06 19:00:00,3.77925833333
2012-03-06 20:00:00,3.30228333333
2012-03-06 21:00:00,3.159725
2012-03-06 22:00:00,3.12680833333
2012-03-06 23:00:00,3.12864166667
2012-03-07 00:00:00,8.893475
2012-03-07 01:00:00,10.0539416667
2012-03-07 02:00:00,10.715475
2012-03-07 03:00:00,14.7524
2012-03-07 04:00:00,14.1648666667
2012-03-07 05:00:00,13.024525
2012-03-07 06:00:00,13.8624166667
2012-03-07 07:00:00,16.391675
2012-03-07 08:00:00,19.3110833333
2012-03-07 09:00:00,19.599825
2012-03-07 10:00:00,19.3540333333
2012-03-07 11:00:00,19.2772833333
2012-03-07 12:00:00,18.8624166667
2012-03-07 13:00:00,18.3105333333
2012-03-07 14:00:00,11.13215
2012-03-07 15:00:00,12.5420666667
2012-03-07 16:00:00,8.71804166667
2012-03-07 17:00:00,9.31471666667
2012-03-07 18:00:00,9.34670833333
2012-03-07 19:00:00,4.33845
2012-03-07 20:00:00,3.41190833333
2012-03-07 21:00:00,3.285825
2012-03-07 22:00:00,3.25294166667
2012-03-07 23:00:00,3.26209166667
2012-03-08 00:00:00,4.55318333333
2012-03-08 01:00:00,4.65644166667
2012-03-08 02:00:00,4.914125
2012-03-08 03:00:00,4.87025
2012-03-08 04:00:00,15.509
2012-03-08 05:00:00,16.8969666667
2012-03-08 06:00:00,14.909575
2012-03-08 07:00:00,14.8072166667
2012-03-08 08:00:00,15.10055
2012-03-08 09:00:00,15.5080833333
2012-03-08 10:00:00,15.4861416667
2012-03-08 11:00:00,15.361875
2012-03-08 12:00:00,15.2312166667
2012-03-08 13:00:00,14.8776
2012-03-08 14:00:00,10.055775
2012-03-08 15:00:00,11.8951166667
2012-03-08 16:00:00,7.478075
2012-03-08 17:00:00,7.76500833333
2012-03-08 18:00:00,7.749475
2012-03-08 19:00:00,3.953775
2012-03-08 20:00:00,3.40095833333
2012-03-08 21:00:00,3.221875
2012-03-08 22:00:00,3.23468333333
2012-03-08 23:00:00,3.22004166667
2012-03-09 00:00:00,9.00950833333
2012-03-09 01:00:00,10.0868416667
2012-03-09 02:00:00,12.4616416667
2012-03-09 03:00:00,11.788225
2012-03-09 04:00:00,16.7992083333
2012-03-09 05:00:00,17.1802166667
2012-03-09 06:00:00,19.803575
2012-03-09 07:00:00,20.8973333333
2012-03-09 08:00:00,20.3582166667
2012-03-09 09:00:00,20.860775
2012-03-09 10:00:00,20.1499
2012-03-09 11:00:00,21.3880083333
2012-03-09 12:00:00,15.4167166667
2012-03-09 13:00:00,14.145675
2012-03-09 14:00:00,9.48833333333
2012-03-09 15:00:00,12.1043666667
2012-03-09 16:00:00,7.50366666667
2012-03-09 17:00:00,7.99984166667
2012-03-09 18:00:00,7.8655
2012-03-09 19:00:00,3.648575
2012-03-09 20:00:00,3.10855833333
2012-03-09 21:00:00,3.015375
2012-03-09 22:00:00,2.987025
2012-03-09 23:00:00,2.97333333333
2012-03-10 00:00:00,2.96966666667
2012-03-10 01:00:00,2.95871666667
2012-03-10 02:00:00,2.97514166667
2012-03-10 03:00:00,2.81433333333
2012-03-10 04:00:00,2.07053333333
2012-03-10 05:00:00,18.89625
2012-03-10 06:00:00,14.3165416667
2012-03-10 07:00:00,13.07205
2012-03-10 08:00:00,13.0473666667
2012-03-10 09:00:00,13.1698
2012-03-10 10:00:00,5.652425
2012-03-10 11:00:00,5.79133333333
2012-03-10 12:00:00,5.75841666667
2012-03-10 13:00:00,5.72094166667
2012-03-10 14:00:00,5.58480833333
2012-03-10 15:00:00,3.15150833333
2012-03-10 16:00:00,2.99708333333
2012-03-10 17:00:00,3.01626666667
2012-03-10 18:00:00,2.98064166667
2012-03-10 19:00:00,2.9788
2012-03-10 20:00:00,2.986125
2012-03-10 21:00:00,3.00621666667
2012-03-10 22:00:00,2.998925
2012-03-10 23:00:00,2.97149166667
2012-03-11 00:00:00,2.96416666667
2012-03-11 01:00:00,2.9971
2012-03-11 03:00:00,2.80153333333
2012-03-11 04:00:00,2.09885833333
2012-03-11 05:00:00,2.03215833333
2012-03-11 06:00:00,2.02119166667
2012-03-11 07:00:00,2.096125
2012-03-11 08:00:00,2.026675
2012-03-11 09:00:00,2.06871666667
2012-03-11 10:00:00,2.079675
2012-03-11 11:00:00,2.165575
2012-03-11 12:00:00,2.07053333333
2012-03-11 13:00:00,2.02300833333
2012-03-11 14:00:00,2.91119166667
2012-03-11 15:00:00,2.98611666667
2012-03-11 16:00:00,2.98246666667
2012-03-11 17:00:00,2.98610833333
2012-03-11 18:00:00,2.98064166667
2012-03-11 19:00:00,2.98794166667
2012-03-11 20:00:00,2.97880833333
2012-03-11 21:00:00,2.96966666667
2012-03-11 22:00:00,2.97881666667
2012-03-11 23:00:00,3.02541666667
2012-03-12 00:00:00,9.5002
2012-03-12 01:00:00,11.32495
2012-03-12 02:00:00,12.050475
2012-03-12 03:00:00,15.371925
2012-03-12 04:00:00,15.7785333333
2012-03-12 05:00:00,15.8196666667
2012-03-12 06:00:00,14.68755
2012-03-12 07:00:00,15.425825
2012-03-12 08:00:00,16.0444333333
2012-03-12 09:00:00,15.9987416667
2012-03-12 10:00:00,16.0581583333
2012-03-12 11:00:00,16.0069833333
2012-03-12 12:00:00,15.7913416667
2012-03-12 13:00:00,15.4249166667
2012-03-12 14:00:00,10.1946583333
2012-03-12 15:00:00,12.340125
2012-03-12 16:00:00,7.3986
2012-03-12 17:00:00,8.24745
2012-03-12 18:00:00,7.3319
2012-03-12 19:00:00,3.66136666667
2012-03-12 20:00:00,3.11769166667
2012-03-12 21:00:00,3.0044
2012-03-12 22:00:00,2.9916
2012-03-12 23:00:00,2.98613333333
2012-03-13 00:00:00,8.89165833333
2012-03-13 01:00:00,10.6222916667
2012-03-13 02:00:00,13.51155
2012-03-13 03:00:00,14.1246666667
2012-03-13 04:00:00,13.0601416667
2012-03-13 05:00:00,12.7814666667
2012-03-13 06:00:00,13.2721583333
2012-03-13 07:00:00,14.7295666667
2012-03-13 08:00:00,15.40665
2012-03-13 09:00:00,15.4084833333
2012-03-13 10:00:00,15.4550833333
2012-03-13 11:00:00,15.555575
2012-03-13 12:00:00,15.5336583333
2012-03-13 13:00:00,15.1316083333
2012-03-13 14:00:00,10.179125
2012-03-13 15:00:00,12.193025
2012-03-13 16:00:00,7.18751666667
2012-03-13 17:00:00,8.66686666667
2012-03-13 18:00:00,6.65754166667
2012-03-13 19:00:00,3.65683333333
2012-03-13 20:00:00,3.11588333333
2012-03-13 21:00:00,2.96054166667
2012-03-13 22:00:00,2.94225
2012-03-13 23:00:00,2.960525
2012-03-14 00:00:00,8.750025
2012-03-14 01:00:00,10.63875
2012-03-14 02:00:00,13.5809916667
2012-03-14 03:00:00,13.7957083333
2012-03-14 04:00:00,12.7101916667
2012-03-14 05:00:00,12.525625
2012-03-14 06:00:00,13.083925
2012-03-14 07:00:00,14.5861
2012-03-14 08:00:00,15.6652416667
2012-03-14 09:00:00,15.7675833333
2012-03-14 10:00:00,15.7100333333
2012-03-14 11:00:00,15.540975
2012-03-14 12:00:00,15.6542833333
2012-03-14 13:00:00,15.3509083333
2012-03-14 14:00:00,10.1005166667
2012-03-14 15:00:00,12.1253833333
2012-03-14 16:00:00,7.60510833333
2012-03-14 17:00:00,7.91303333333
2012-03-14 18:00:00,8.00075
2012-03-14 19:00:00,3.900775
2012-03-14 20:00:00,3.38999166667
2012-03-14 21:00:00,3.24928333333
2012-03-14 22:00:00,3.23649166667
2012-03-14 23:00:00,3.21456666667
2012-03-15 00:00:00,9.11185833333
2012-03-15 01:00:00,10.775775
2012-03-15 02:00:00,13.612975
2012-03-15 03:00:00,14.258075
2012-03-15 04:00:00,13.4357
2012-03-15 05:00:00,12.6955583333
2012-03-15 06:00:00,12.8372083333
2012-03-15 07:00:00,13.014475
2012-03-15 08:00:00,14.4591
2012-03-15 09:00:00,15.219325
2012-03-15 10:00:00,14.6135166667
2012-03-15 11:00:00,14.4271166667
2012-03-15 12:00:00,14.5943333333
2012-03-15 13:00:00,13.792975
2012-03-15 14:00:00,8.72079166667
2012-03-15 15:00:00,10.6752833333
2012-03-15 16:00:00,7.38215
2012-03-15 17:00:00,8.7555
2012-03-15 18:00:00,6.57895833333
2012-03-15 19:00:00,3.63396666667
2012-03-15 20:00:00,3.1378
2012-03-15 21:00:00,3.02634166667
2012-03-15 22:00:00,2.956875
2012-03-15 23:00:00,2.96235833333
2012-03-16 00:00:00,8.84231666667
2012-03-16 01:00:00,10.5391416667
2012-03-16 02:00:00,13.05375
2012-03-16 03:00:00,14.6509833333
2012-03-16 04:00:00,15.541875
2012-03-16 05:00:00,13.418325
2012-03-16 06:00:00,13.0921416667
2012-03-16 07:00:00,13.4165166667
2012-03-16 08:00:00,13.6093083333
2012-03-16 09:00:00,14.164875
2012-03-16 10:00:00,14.5212333333
2012-03-16 11:00:00,15.3171
2012-03-16 12:00:00,15.31435
2012-03-16 13:00:00,14.8026666667
2012-03-16 14:00:00,8.87795
2012-03-16 15:00:00,10.8123416667
2012-03-16 16:00:00,7.15554166667
2012-03-16 17:00:00,8.6559
2012-03-16 18:00:00,6.7078
2012-03-16 19:00:00,3.61750833333
2012-03-16 20:00:00,3.10855
2012-03-16 21:00:00,2.960525
2012-03-16 22:00:00,2.96053333333
2012-03-16 23:00:00,2.96601666667
2012-03-17 00:00:00,2.96474166667
2012-03-17 01:00:00,2.99890833333
2012-03-17 02:00:00,2.96784166667
2012-03-17 03:00:00,3.231
2012-03-17 04:00:00,2.13815833333
2012-03-17 05:00:00,16.5332916667
2012-03-17 06:00:00,11.7946166667
2012-03-17 07:00:00,10.6259333333
2012-03-17 08:00:00,10.6341416667
2012-03-17 09:00:00,10.684425
2012-03-17 10:00:00,3.10399166667
2012-03-17 11:00:00,1.970025
2012-03-17 12:00:00,1.929825
2012-03-17 13:00:00,1.9207
2012-03-17 14:00:00,1.93165833333
2012-03-17 15:00:00,2.05958333333
2012-03-17 16:00:00,2.87645
2012-03-17 17:00:00,2.86915833333
2012-03-17 18:00:00,2.86916666667
2012-03-17 19:00:00,2.8783
2012-03-17 20:00:00,2.85455
2012-03-17 21:00:00,2.86550833333
2012-03-17 22:00:00,2.86185
2012-03-17 23:00:00,2.86185833333
2012-03-18 00:00:00,2.85638333333
2012-03-18 01:00:00,2.83261666667
2012-03-18 02:00:00,2.86276666667
2012-03-18 03:00:00,3.07565
2012-03-18 04:00:00,1.99744166667
2012-03-18 05:00:00,1.89328333333
2012-03-18 06:00:00,1.89510833333
2012-03-18 07:00:00,1.92070833333
2012-03-18 08:00:00,1.91155833333
2012-03-18 09:00:00,1.90973333333
2012-03-18 10:00:00,1.928
2012-03-18 11:00:00,1.9609
2012-03-18 12:00:00,1.926175
2012-03-18 13:00:00,1.93095833333
2012-03-18 14:00:00,2.0421
2012-03-18 15:00:00,2.19031666667
2012-03-18 16:00:00,2.87244166667
2012-03-18 17:00:00,2.88809166667
2012-03-18 18:00:00,2.86845833333
2012-03-18 19:00:00,2.871775
2012-03-18 20:00:00,2.854075
2012-03-18 21:00:00,2.85089166667
2012-03-18 22:00:00,2.856375
2012-03-18 23:00:00,2.859125
2012-03-19 00:00:00,8.71710833333
2012-03-19 01:00:00,9.102725
2012-03-19 02:00:00,10.09505
2012-03-19 03:00:00,13.37265
2012-03-19 04:00:00,12.738525
2012-03-19 05:00:00,11.1787416667
2012-03-19 06:00:00,11.5524833333
2012-03-19 07:00:00,14.3147416667
2012-03-19 08:00:00,14.8757666667
2012-03-19 09:00:00,16.431875
2012-03-19 10:00:00,16.9143333333
2012-03-19 11:00:00,17.1692583333
2012-03-19 12:00:00,17.9121416667
2012-03-19 13:00:00,17.7568166667
2012-03-19 14:00:00,10.02835
2012-03-19 15:00:00,11.7398
2012-03-19 16:00:00,8.66960833333
2012-03-19 17:00:00,9.1009
2012-03-19 18:00:00,8.534375
2012-03-19 19:00:00,3.82219166667
2012-03-19 20:00:00,3.14510833333
2012-03-19 21:00:00,3.02084166667
2012-03-19 22:00:00,3.046425
2012-03-19 23:00:00,3.00258333333
2012-03-20 00:00:00,4.30464166667
2012-03-20 01:00:00,4.441725
2012-03-20 02:00:00,4.66740833333
2012-03-20 03:00:00,5.06946666667
2012-03-20 04:00:00,6.75806666667
2012-03-20 05:00:00,15.5437
2012-03-20 06:00:00,16.74985
2012-03-20 07:00:00,18.25115
2012-03-20 08:00:00,18.7409083333
2012-03-20 09:00:00,18.6970583333
2012-03-20 10:00:00,18.4658666667
2012-03-20 11:00:00,18.42475
2012-03-20 12:00:00,18.4613
2012-03-20 13:00:00,18.2968333333
2012-03-20 14:00:00,10.1562666667
2012-03-20 15:00:00,11.9855833333
2012-03-20 16:00:00,7.94044166667
2012-03-20 17:00:00,9.4198
2012-03-20 18:00:00,8.12320833333
2012-03-20 19:00:00,3.70523333333
2012-03-20 20:00:00,3.02084166667
2012-03-20 21:00:00,2.87283333333
2012-03-20 22:00:00,2.84906666667
2012-03-20 23:00:00,2.871
2012-03-21 00:00:00,9.14841666667
2012-03-21 01:00:00,9.89495833333
2012-03-21 02:00:00,11.19885
2012-03-21 03:00:00,11.6758166667
2012-03-21 04:00:00,11.8942
2012-03-21 05:00:00,15.784025
2012-03-21 06:00:00,17.9340666667
2012-03-21 07:00:00,19.0863083333
2012-03-21 08:00:00,19.26265
2012-03-21 09:00:00,19.2206333333
2012-03-21 10:00:00,19.0881333333
2012-03-21 11:00:00,19.074425
2012-03-21 12:00:00,19.1795
2012-03-21 13:00:00,18.89625
2012-03-21 14:00:00,10.3445166667
2012-03-21 15:00:00,12.10255
2012-03-21 16:00:00,8.09579166667
2012-03-21 17:00:00,9.09003333333
2012-03-21 18:00:00,8.767375
2012-03-21 19:00:00,3.66778333333
2012-03-21 20:00:00,3.03911666667
2012-03-21 21:00:00,2.887425
2012-03-21 22:00:00,2.88925
2012-03-21 23:00:00,2.90113333333
2012-03-22 00:00:00,8.62849166667
2012-03-22 01:00:00,11.4053666667
2012-03-22 02:00:00,10.46695
2012-03-22 03:00:00,11.9919833333
2012-03-22 04:00:00,12.2368583333
2012-03-22 05:00:00,16.40355
2012-03-22 06:00:00,19.6711083333
2012-03-22 07:00:00,16.0526666667
2012-03-22 08:00:00,15.7218916667
2012-03-22 09:00:00,15.75295
2012-03-22 10:00:00,15.288775
2012-03-22 11:00:00,15.35
2012-03-22 12:00:00,15.7429083333
2012-03-22 13:00:00,15.3783166667
2012-03-22 14:00:00,9.28090833333
2012-03-22 15:00:00,11.292975
2012-03-22 16:00:00,6.93439166667
2012-03-22 17:00:00,6.88414166667
2012-03-22 18:00:00,8.93276666667
2012-03-22 19:00:00,3.54259166667
2012-03-22 20:00:00,3.03180833333
2012-03-22 21:00:00,2.85088333333
2012-03-22 22:00:00,2.85271666667
2012-03-22 23:00:00,2.85088333333
2012-03-23 00:00:00,8.65499166667
2012-03-23 01:00:00,10.0658083333
2012-03-23 02:00:00,13.0144583333
2012-03-23 03:00:00,14.460925
2012-03-23 04:00:00,15.2577
2012-03-23 05:00:00,12.7759833333
2012-03-23 06:00:00,12.7193416667
2012-03-23 07:00:00,13.0574083333
2012-03-23 08:00:00,13.5645583333
2012-03-23 09:00:00,14.4664166667
2012-03-23 10:00:00,14.4709666667
2012-03-23 11:00:00,14.6912
2012-03-23 12:00:00,14.6646833333
2012-03-23 13:00:00,14.52305
2012-03-23 14:00:00,8.77834166667
2012-03-23 15:00:00,10.7456333333
2012-03-23 16:00:00,6.86221666667
2012-03-23 17:00:00,8.74360833333
2012-03-23 18:00:00,6.39805
2012-03-23 19:00:00,3.4576
2012-03-23 20:00:00,2.98245833333
2012-03-23 21:00:00,2.8509
2012-03-23 22:00:00,2.87740833333
2012-03-23 23:00:00,2.81435
2012-03-24 00:00:00,2.82714166667
2012-03-24 01:00:00,2.810675
2012-03-24 02:00:00,2.84906666667
2012-03-24 03:00:00,3.042775
2012-03-24 04:00:00,2.02485
2012-03-24 05:00:00,15.9366083333
2012-03-24 06:00:00,11.3002833333
2012-03-24 07:00:00,10.50535
2012-03-24 08:00:00,11.00515
2012-03-24 09:00:00,6.0225
2012-03-24 10:00:00,2.07055833333
2012-03-24 11:00:00,1.9554
2012-03-24 12:00:00,4.9397
2012-03-24 13:00:00,2.15644166667
2012-03-24 14:00:00,1.87681666667
2012-03-24 15:00:00,2.03765
2012-03-24 16:00:00,2.8253
2012-03-24 17:00:00,2.86186666667
2012-03-24 18:00:00,2.85455833333
2012-03-24 19:00:00,2.82530833333
2012-03-24 20:00:00,2.83811666667
2012-03-24 21:00:00,2.83445
2012-03-24 22:00:00,2.83079166667
2012-03-24 23:00:00,2.83261666667
2012-03-25 00:00:00,2.82895833333
2012-03-25 01:00:00,2.88651666667
2012-03-25 02:00:00,2.83079166667
2012-03-25 03:00:00,3.04825833333
2012-03-25 04:00:00,1.99561666667
2012-03-25 05:00:00,1.87133333333
2012-03-25 06:00:00,1.87315
2012-03-25 07:00:00,1.90241666667
2012-03-25 08:00:00,1.86404166667
2012-03-25 09:00:00,1.92434166667
2012-03-25 10:00:00,1.90973333333
2012-03-25 11:00:00,1.93346666667
2012-03-25 12:00:00,1.86585833333
2012-03-25 13:00:00,1.893275
2012-03-25 14:00:00,1.869525
2012-03-25 15:00:00,2.048625
2012-03-25 16:00:00,2.80338333333
2012-03-25 17:00:00,2.79425
2012-03-25 18:00:00,2.79606666667
2012-03-25 19:00:00,2.79056666667
2012-03-25 20:00:00,2.80703333333
2012-03-25 21:00:00,2.82531666667
2012-03-25 22:00:00,2.807025
2012-03-25 23:00:00,2.846325
2012-03-26 00:00:00,8.72991666667
2012-03-26 01:00:00,9.9525
2012-03-26 02:00:00,11.4784666667
2012-03-26 03:00:00,14.1210083333
2012-03-26 04:00:00,15.1307083333
2012-03-26 05:00:00,14.2736083333
2012-03-26 06:00:00,12.4698666667
2012-03-26 07:00:00,13.4466666667
2012-03-26 08:00:00,14.03145
2012-03-26 09:00:00,14.1995833333
2012-03-26 10:00:00,14.1639583333
2012-03-26 11:00:00,14.3119833333
2012-03-26 12:00:00,14.5248916667
2012-03-26 13:00:00,14.2800083333
2012-03-26 14:00:00,8.890725
2012-03-26 15:00:00,10.847975
2012-03-26 16:00:00,7.00019166667
2012-03-26 17:00:00,7.194825
2012-03-26 18:00:00,7.13085833333
2012-03-26 19:00:00,3.73630833333
2012-03-26 20:00:00,2.960525
2012-03-26 21:00:00,2.82165833333
2012-03-26 22:00:00,2.81159166667
2012-03-26 23:00:00,2.79789166667
2012-03-27 00:00:00,8.60291666667
2012-03-27 01:00:00,9.68295
2012-03-27 02:00:00,11.8430416667
2012-03-27 03:00:00,14.1155333333
2012-03-27 04:00:00,14.027825
2012-03-27 05:00:00,13.0363916667
2012-03-27 06:00:00,13.5069666667
2012-03-27 07:00:00,14.5248916667
2012-03-27 08:00:00,14.7350333333
2012-03-27 09:00:00,14.71585
2012-03-27 10:00:00,14.6637666667
2012-03-27 11:00:00,14.4581916667
2012-03-27 12:00:00,14.4216416667
2012-03-27 13:00:00,14.253525
2012-03-27 14:00:00,8.81854166667
2012-03-27 15:00:00,11.1038166667
2012-03-27 16:00:00,6.88050833333
2012-03-27 17:00:00,7.03584166667
2012-03-27 18:00:00,7.542975
2012-03-27 19:00:00,3.46216666667
2012-03-27 20:00:00,2.914825
2012-03-27 21:00:00,2.81983333333
2012-03-27 22:00:00,2.78144166667
2012-03-27 23:00:00,2.78693333333
2012-03-28 00:00:00,8.60656666667
2012-03-28 01:00:00,9.88488333333
2012-03-28 02:00:00,11.91615
2012-03-28 03:00:00,13.131425
2012-03-28 04:00:00,14.01045
2012-03-28 05:00:00,12.299
2012-03-28 06:00:00,13.39915
2012-03-28 07:00:00,14.527625
2012-03-28 08:00:00,14.8703
2012-03-28 09:00:00,14.4079333333
2012-03-28 10:00:00,14.5203083333
2012-03-28 11:00:00,14.6655916667
2012-03-28 12:00:00,14.7715916667
2012-03-28 13:00:00,14.6555666667
2012-03-28 14:00:00,8.872475
2012-03-28 15:00:00,10.90005
2012-03-28 16:00:00,7.24326666667
2012-03-28 17:00:00,7.988875
2012-03-28 18:00:00,6.40625833333
2012-03-28 19:00:00,3.43019166667
2012-03-28 20:00:00,2.88925833333
2012-03-28 21:00:00,2.78875833333
2012-03-28 22:00:00,2.77229166667
2012-03-28 23:00:00,2.76315
2012-03-29 00:00:00,8.80484166667
2012-03-29 01:00:00,10.229375
2012-03-29 02:00:00,12.130875
2012-03-29 03:00:00,14.0269
2012-03-29 04:00:00,15.0713083333
2012-03-29 05:00:00,12.6416583333
2012-03-29 06:00:00,12.7120166667
2012-03-29 07:00:00,12.937725
2012-03-29 08:00:00,14.0625333333
2012-03-29 09:00:00,15.24765
2012-03-29 10:00:00,14.9982083333
2012-03-29 11:00:00,14.9506833333
2012-03-29 12:00:00,14.1767583333
2012-03-29 13:00:00,13.3452333333
2012-03-29 14:00:00,8.35071666667
2012-03-29 15:00:00,10.1535416667
2012-03-29 16:00:00,7.15646666667
2012-03-29 17:00:00,7.9377
2012-03-29 18:00:00,6.92161666667
2012-03-29 19:00:00,3.34704166667
2012-03-29 20:00:00,2.79424166667
2012-03-29 21:00:00,2.67908333333
2012-03-29 22:00:00,2.69553333333
2012-03-29 23:00:00,2.69735833333
2012-03-30 00:00:00,8.58464166667
2012-03-30 01:00:00,9.90773333333
2012-03-30 02:00:00,12.0239666667
2012-03-30 03:00:00,13.121375
2012-03-30 04:00:00,12.0422583333
2012-03-30 05:00:00,11.841225
2012-03-30 06:00:00,12.9194416667
2012-03-30 07:00:00,14.5057
2012-03-30 08:00:00,15.1106
2012-03-30 09:00:00,15.2403666667
2012-03-30 10:00:00,15.1453083333
2012-03-30 11:00:00,15.2439916667
2012-03-30 12:00:00,15.1233833333
2012-03-30 13:00:00,14.7844083333
2012-03-30 14:00:00,8.97114166667
2012-03-30 15:00:00,11.0170083333
2012-03-30 16:00:00,7.14456666667
2012-03-30 17:00:00,8.71438333333
2012-03-30 18:00:00,6.41450833333
2012-03-30 19:00:00,3.4695
2012-03-30 20:00:00,2.966925
2012-03-30 21:00:00,2.81433333333
2012-03-30 22:00:00,2.83445
2012-03-30 23:00:00,2.79605833333
2012-03-31 00:00:00,2.80520833333
2012-03-31 01:00:00,2.783275
2012-03-31 02:00:00,2.79240833333
2012-03-31 03:00:00,3.03911666667
2012-03-31 04:00:00,1.959075
2012-03-31 05:00:00,16.458375
2012-03-31 06:00:00,11.4821166667
2012-03-31 07:00:00,10.5226916667
2012-03-31 08:00:00,10.6524333333
2012-03-31 09:00:00,10.6451416667
2012-03-31 10:00:00,2.85635833333
2012-03-31 11:00:00,1.84575833333
2012-03-31 12:00:00,1.85306666667
2012-03-31 13:00:00,1.86036666667
2012-03-31 14:00:00,1.87681666667
2012-03-31 15:00:00,2.032175
2012-03-31 16:00:00,2.79424166667
2012-03-31 17:00:00,2.81434166667
2012-03-31 18:00:00,2.80521666667
2012-03-31 19:00:00,2.80155833333
2012-03-31 20:00:00,2.81251666667
2012-03-31 21:00:00,2.832625
2012-03-31 22:00:00,2.79606666667
2012-03-31 23:00:00,2.812525
2012-04-01 00:00:00,2.76866666667
2012-04-01 01:00:00,2.79425
2012-04-01 02:00:00,2.768675
2012-04-01 03:00:00,3.03273333333
2012-04-01 04:00:00,1.9554
2012-04-01 05:00:00,1.85490833333
2012-04-01 06:00:00,1.8275
2012-04-01 07:00:00,1.875
2012-04-01 08:00:00,1.873175
2012-04-01 09:00:00,1.88049166667
2012-04-01 10:00:00,1.85308333333
2012-04-01 11:00:00,1.90058333333
2012-04-01 12:00:00,1.85124166667
2012-04-01 13:00:00,1.83845833333
2012-04-01 14:00:00,1.836625
2012-04-01 15:00:00,2.023025
2012-04-01 16:00:00,2.79058333333
2012-04-01 17:00:00,2.81068333333
2012-04-01 18:00:00,2.78145833333
2012-04-01 19:00:00,2.7851
2012-04-01 20:00:00,2.810675
2012-04-01 21:00:00,2.79970833333
2012-04-01 22:00:00,2.79241666667
2012-04-01 23:00:00,2.78145
2012-04-02 00:00:00,8.92545833333
2012-04-02 01:00:00,9.86935
2012-04-02 02:00:00,12.56765
2012-04-02 03:00:00,12.9276666667
2012-04-02 04:00:00,11.2363166667
2012-04-02 05:00:00,14.8145583333
2012-04-02 06:00:00,13.7527583333
2012-04-02 07:00:00,14.6948333333
2012-04-02 08:00:00,14.9168666667
2012-04-02 09:00:00,14.9781
2012-04-02 10:00:00,14.735975
2012-04-02 11:00:00,14.8218666667
2012-04-02 12:00:00,15.0311
2012-04-02 13:00:00,14.5851916667
2012-04-02 14:00:00,8.97023333333
2012-04-02 15:00:00,11.25095
2012-04-02 16:00:00,7.10254166667
2012-04-02 17:00:00,9.2279
2012-04-02 18:00:00,6.094675
2012-04-02 19:00:00,3.525225
2012-04-02 20:00:00,2.98246666667
2012-04-02 21:00:00,2.83994166667
2012-04-02 22:00:00,2.85453333333
2012-04-02 23:00:00,2.82714166667
2012-04-03 00:00:00,8.90536666667
2012-04-03 01:00:00,10.037475
2012-04-03 02:00:00,12.5630583333
2012-04-03 03:00:00,12.3081333333
2012-04-03 04:00:00,15.1699916667
2012-04-03 05:00:00,15.299725
2012-04-03 06:00:00,14.5011166667
2012-04-03 07:00:00,15.4852333333
2012-04-03 08:00:00,15.909225
2012-04-03 09:00:00,16.2619083333
2012-04-03 10:00:00,15.9823083333
2012-04-03 11:00:00,15.8909416667
2012-04-03 12:00:00,16.120275
2012-04-03 13:00:00,15.7922333333
2012-04-03 14:00:00,9.2544
2012-04-03 15:00:00,12.0157416667
2012-04-03 16:00:00,7.065075
2012-04-03 17:00:00,7.46438333333
2012-04-03 18:00:00,7.54845
2012-04-03 19:00:00,3.49964166667
2012-04-03 20:00:00,2.98246666667
2012-04-03 21:00:00,2.827125
2012-04-03 22:00:00,2.856375
2012-04-03 23:00:00,2.803375
2012-04-04 00:00:00,8.73266666667
2012-04-04 01:00:00,10.412125
2012-04-04 02:00:00,13.2063583333
2012-04-04 03:00:00,14.6244666667
2012-04-04 04:00:00,15.2284666667
2012-04-04 05:00:00,13.2694083333
2012-04-04 06:00:00,13.9885083333
2012-04-04 07:00:00,15.4861416667
2012-04-04 08:00:00,16.0627083333
2012-04-04 09:00:00,15.644225
2012-04-04 10:00:00,15.7255583333
2012-04-04 11:00:00,15.4797666667
2012-04-04 12:00:00,15.58025
2012-04-04 13:00:00,15.7109333333
2012-04-04 14:00:00,9.1932
2012-04-04 15:00:00,11.263725
2012-04-04 16:00:00,7.30081666667
2012-04-04 17:00:00,9.25624166667
2012-04-04 18:00:00,6.08189166667
2012-04-04 19:00:00,3.48410833333
2012-04-04 20:00:00,2.95323333333
2012-04-04 21:00:00,2.85635833333
2012-04-04 22:00:00,2.81800833333
2012-04-04 23:00:00,2.77778333333
2012-04-05 00:00:00,8.75093333333
2012-04-05 01:00:00,10.4833833333
2012-04-05 02:00:00,13.34525
2012-04-05 03:00:00,14.5925083333
2012-04-05 04:00:00,15.7639333333
2012-04-05 05:00:00,13.785675
2012-04-05 06:00:00,13.17255
2012-04-05 07:00:00,13.3799583333
2012-04-05 08:00:00,14.0908416667
2012-04-05 09:00:00,15.0045916667
2012-04-05 10:00:00,14.9607333333
2012-04-05 11:00:00,15.1032833333
2012-04-05 12:00:00,15.1370916667
2012-04-05 13:00:00,14.7798166667
2012-04-05 14:00:00,9.11368333333
2012-04-05 15:00:00,13.7390666667
2012-04-05 16:00:00,12.274325
2012-04-05 17:00:00,9.71675833333
2012-04-05 18:00:00,10.6460416667
2012-04-05 19:00:00,11.7005
2012-04-05 20:00:00,9.81089166667
2012-04-05 21:00:00,10.5610666667
2012-04-05 22:00:00,7.63709166667
2012-04-05 23:00:00,11.4391833333
2012-04-06 00:00:00,9.99453333333
2012-04-06 01:00:00,10.4422583333
2012-04-06 02:00:00,10.32075
2012-04-06 03:00:00,11.63655
2012-04-06 04:00:00,11.9883333333
2012-04-06 05:00:00,14.4252916667
2012-04-06 06:00:00,12.2834833333
2012-04-06 07:00:00,11.7845833333
2012-04-06 08:00:00,12.08885
2012-04-06 09:00:00,14.3330083333
2012-04-06 10:00:00,13.2557083333
2012-04-06 11:00:00,13.2794416667
2012-04-06 12:00:00,13.3845416667
2012-04-06 13:00:00,13.2008583333
2012-04-06 14:00:00,8.37903333333
2012-04-06 15:00:00,12.5045916667
2012-04-06 16:00:00,8.880675
2012-04-06 17:00:00,11.2189583333
2012-04-06 18:00:00,9.88306666667
2012-04-06 19:00:00,11.1796833333
2012-04-06 20:00:00,11.249125
2012-04-06 21:00:00,9.28548333333
2012-04-06 22:00:00,9.56780833333
2012-04-06 23:00:00,9.62629166667
2012-04-07 00:00:00,9.71128333333
2012-04-07 01:00:00,10.2851083333
2012-04-07 02:00:00,8.75550833333
2012-04-07 03:00:00,10.4568833333
2012-04-07 04:00:00,7.88835
2012-04-07 05:00:00,15.9960166667
2012-04-07 06:00:00,13.3306166667
2012-04-07 07:00:00,11.824775
2012-04-07 08:00:00,3.76463333333
2012-04-07 09:00:00,3.56268333333
2012-04-07 10:00:00,2.7321
2012-04-07 11:00:00,1.82565
2012-04-07 12:00:00,1.84210833333
2012-04-07 13:00:00,1.82015833333
2012-04-07 14:00:00,1.84028333333
2012-04-07 15:00:00,1.97915
2012-04-07 16:00:00,2.7522
2012-04-07 17:00:00,2.847225
2012-04-07 18:00:00,9.23248333333
2012-04-07 19:00:00,2.74305833333
2012-04-07 20:00:00,2.777775
2012-04-07 21:00:00,2.77138333333
2012-04-07 22:00:00,2.75036666667
2012-04-07 23:00:00,2.74124166667
2012-04-08 00:00:00,2.75586666667
2012-04-08 01:00:00,2.74854166667
2012-04-08 02:00:00,2.76683333333
2012-04-08 03:00:00,3.0117
2012-04-08 04:00:00,1.93164166667
2012-04-08 05:00:00,1.81468333333
2012-04-08 06:00:00,1.83114166667
2012-04-08 07:00:00,1.811025
2012-04-08 08:00:00,1.82381666667
2012-04-08 09:00:00,1.80738333333
2012-04-08 10:00:00,1.8421
2012-04-08 11:00:00,1.82016666667
2012-04-08 12:00:00,1.84939166667
2012-04-08 13:00:00,1.81285833333
2012-04-08 14:00:00,1.81833333333
2012-04-08 15:00:00,1.977325
2012-04-08 16:00:00,2.77321666667
2012-04-08 17:00:00,2.77779166667
2012-04-08 18:00:00,2.73941666667
2012-04-08 19:00:00,2.75219166667
2012-04-08 20:00:00,2.74124166667
2012-04-08 21:00:00,2.76498333333
2012-04-08 22:00:00,2.750375
2012-04-08 23:00:00,2.73025833333
2012-04-09 00:00:00,9.3677
2012-04-09 01:00:00,10.3463333333
2012-04-09 02:00:00,13.886175
2012-04-09 03:00:00,14.3713833333
2012-04-09 04:00:00,13.5353
2012-04-09 05:00:00,13.8085166667
2012-04-09 06:00:00,15.5766166667
2012-04-09 07:00:00,16.3569416667
2012-04-09 08:00:00,16.5643666667
2012-04-09 09:00:00,16.338675
2012-04-09 10:00:00,16.3907583333
2012-04-09 11:00:00,16.2482083333
2012-04-09 12:00:00,16.41725
2012-04-09 13:00:00,16.0837333333
2012-04-09 14:00:00,9.19226666667
2012-04-09 15:00:00,10.9494
2012-04-09 16:00:00,6.89421666667
2012-04-09 17:00:00,9.14294166667
2012-04-09 18:00:00,5.935675
2012-04-09 19:00:00,3.37536666667
2012-04-09 20:00:00,2.818
2012-04-09 21:00:00,2.671775
2012-04-09 22:00:00,2.69736666667
2012-04-09 23:00:00,2.688225
2012-04-10 00:00:00,8.8551
2012-04-10 01:00:00,10.1041916667
2012-04-10 02:00:00,12.7924333333
2012-04-10 03:00:00,13.8213
2012-04-10 04:00:00,13.2885833333
2012-04-10 05:00:00,15.2833
2012-04-10 06:00:00,13.4411833333
2012-04-10 07:00:00,15.3335583333
2012-04-10 08:00:00,15.6999583333
2012-04-10 09:00:00,15.5437083333
2012-04-10 10:00:00,15.2503916667
2012-04-10 11:00:00,15.4468666667
2012-04-10 12:00:00,15.3061416667
2012-04-10 13:00:00,14.9616583333
2012-04-10 14:00:00,8.899875
2012-04-10 15:00:00,10.9357
2012-04-10 16:00:00,7.11440833333
2012-04-10 17:00:00,7.10255
2012-04-10 18:00:00,7.24144166667
2012-04-10 19:00:00,3.40004166667
2012-04-10 20:00:00,2.81068333333
2012-04-10 21:00:00,2.71565
2012-04-10 22:00:00,2.637075
2012-04-10 23:00:00,2.66995833333
2012-04-11 00:00:00,8.97570833333
2012-04-11 01:00:00,10.003675
2012-04-11 02:00:00,12.8847166667
2012-04-11 03:00:00,14.3640833333
2012-04-11 04:00:00,14.523975
2012-04-11 05:00:00,12.5192083333
2012-04-11 06:00:00,13.2730583333
2012-04-11 07:00:00,13.789325
2012-04-11 08:00:00,14.4444666667
2012-04-11 09:00:00,15.0411583333
2012-04-11 10:00:00,14.6455083333
2012-04-11 11:00:00,14.869375
2012-04-11 12:00:00,15.360975
2012-04-11 13:00:00,14.884
2012-04-11 14:00:00,8.91085
2012-04-11 15:00:00,11.213475
2012-04-11 16:00:00,6.96913333333
2012-04-11 17:00:00,8.3754
2012-04-11 18:00:00,6.344125
2012-04-11 19:00:00,3.36806666667
2012-04-11 20:00:00,2.82164166667
2012-04-11 21:00:00,2.70651666667
2012-04-11 22:00:00,2.65533333333
2012-04-11 23:00:00,2.6663
2012-04-12 00:00:00,8.59559166667
2012-04-12 01:00:00,10.089575
2012-04-12 02:00:00,12.5210333333
2012-04-12 03:00:00,14.4271166667
2012-04-12 04:00:00,13.9318583333
2012-04-12 05:00:00,13.4009833333
2012-04-12 06:00:00,14.5395083333
2012-04-12 07:00:00,15.1709083333
2012-04-12 08:00:00,15.2266416667
2012-04-12 09:00:00,15.2038
2012-04-12 10:00:00,14.9086666667
2012-04-12 11:00:00,14.9826833333
2012-04-12 12:00:00,14.8629833333
2012-04-12 13:00:00,13.8743
2012-04-12 14:00:00,8.67419166667
2012-04-12 15:00:00,10.8105166667
2012-04-12 16:00:00,7.06234166667
2012-04-12 17:00:00,8.61569166667
2012-04-12 18:00:00,6.14765833333
2012-04-12 19:00:00,3.51061666667
2012-04-12 20:00:00,2.827125
2012-04-12 21:00:00,2.69555
2012-04-12 22:00:00,2.67909166667
2012-04-12 23:00:00,2.66264166667
2012-04-13 00:00:00,8.65955833333
2012-04-13 01:00:00,10.0758666667
2012-04-13 02:00:00,11.3532833333
2012-04-13 03:00:00,14.0232416667
2012-04-13 04:00:00,14.4353416667
2012-04-13 05:00:00,12.5137333333
2012-04-13 06:00:00,13.200875
2012-04-13 07:00:00,13.3013916667
2012-04-13 08:00:00,12.9605666667
2012-04-13 09:00:00,13.0117166667
2012-04-13 10:00:00,12.7732416667
2012-04-13 11:00:00,12.7659333333
2012-04-13 12:00:00,12.7202333333
2012-04-13 13:00:00,12.4442916667
2012-04-13 14:00:00,8.02359166667
2012-04-13 15:00:00,10.4157666667
2012-04-13 16:00:00,6.63929166667
2012-04-13 17:00:00,7.84999166667
2012-04-13 18:00:00,7.011175
2012-04-13 19:00:00,3.35344166667
2012-04-13 20:00:00,2.80703333333
2012-04-13 21:00:00,2.646225
2012-04-13 22:00:00,2.6389
2012-04-13 23:00:00,2.64255833333
2012-04-14 00:00:00,2.62429166667
2012-04-14 01:00:00,2.62428333333
2012-04-14 02:00:00,2.6261
2012-04-14 03:00:00,2.85453333333
2012-04-14 04:00:00,1.81470833333
2012-04-14 05:00:00,15.4514166667
2012-04-14 06:00:00,12.0924916667
2012-04-14 07:00:00,10.5181166667
2012-04-14 08:00:00,10.7556916667
2012-04-14 09:00:00,11.0910333333
2012-04-14 10:00:00,2.74305
2012-04-14 11:00:00,1.7288
2012-04-14 12:00:00,1.69774166667
2012-04-14 13:00:00,1.73245
2012-04-14 14:00:00,1.72333333333
2012-04-14 15:00:00,1.873175
2012-04-14 16:00:00,2.64438333333
2012-04-14 17:00:00,2.64620833333
2012-04-14 18:00:00,2.67178333333
2012-04-14 19:00:00,2.68548333333
2012-04-14 20:00:00,2.651675
2012-04-14 21:00:00,2.65351666667
2012-04-14 22:00:00,2.6791
2012-04-14 23:00:00,2.644375
2012-04-15 00:00:00,2.64255
2012-04-15 01:00:00,2.63525
2012-04-15 02:00:00,2.64804166667
2012-04-15 03:00:00,2.870975
2012-04-15 04:00:00,1.84941666667
2012-04-15 05:00:00,1.68313333333
2012-04-15 06:00:00,1.73611666667
2012-04-15 07:00:00,1.74158333333
2012-04-15 08:00:00,1.75438333333
2012-04-15 09:00:00,1.71965833333
2012-04-15 10:00:00,1.74890833333
2012-04-15 11:00:00,1.763525
2012-04-15 12:00:00,1.763525
2012-04-15 13:00:00,1.70504166667
2012-04-15 14:00:00,1.703225
2012-04-15 15:00:00,1.86951666667
2012-04-15 16:00:00,2.64985
2012-04-15 17:00:00,2.664475
2012-04-15 18:00:00,2.64254166667
2012-04-15 19:00:00,2.690075
2012-04-15 20:00:00,2.65899166667
2012-04-15 21:00:00,2.69096666667
2012-04-15 22:00:00,2.65715
2012-04-15 23:00:00,2.66081666667
2012-04-16 00:00:00,8.73356666667
2012-04-16 01:00:00,10.0722083333
2012-04-16 02:00:00,12.0166666667
2012-04-16 03:00:00,14.0926666667
2012-04-16 04:00:00,14.4307583333
2012-04-16 05:00:00,13.4311333333
2012-04-16 06:00:00,14.0972583333
2012-04-16 07:00:00,14.6135166667
2012-04-16 08:00:00,14.7971916667
2012-04-16 09:00:00,14.6445833333
2012-04-16 10:00:00,14.384175
2012-04-16 11:00:00,14.42985
2012-04-16 12:00:00,14.8355666667
2012-04-16 13:00:00,14.842875
2012-04-16 14:00:00,8.92179166667
2012-04-16 15:00:00,9.97261666667
2012-04-16 16:00:00,6.93988333333
2012-04-16 17:00:00,9.10913333333
2012-04-16 18:00:00,6.24545833333
2012-04-16 19:00:00,3.505125
2012-04-16 20:00:00,2.807025
2012-04-16 21:00:00,2.68640833333
2012-04-16 22:00:00,2.648025
2012-04-16 23:00:00,2.66264166667
2012-04-17 00:00:00,8.47405833333
2012-04-17 01:00:00,9.88214166667
2012-04-17 02:00:00,11.525975
2012-04-17 03:00:00,14.0433583333
2012-04-17 04:00:00,14.8803333333
2012-04-17 05:00:00,13.6157083333
2012-04-17 06:00:00,14.883075
2012-04-17 07:00:00,15.4989416667
2012-04-17 08:00:00,15.4148833333
2012-04-17 09:00:00,15.5601583333
2012-04-17 10:00:00,15.2165916667
2012-04-17 11:00:00,15.6159083333
2012-04-17 12:00:00,15.7703166667
2012-04-17 13:00:00,15.4779166667
2012-04-17 14:00:00,8.570925
2012-04-17 15:00:00,10.5308916667
2012-04-17 16:00:00,7.706525
2012-04-17 17:00:00,7.34650833333
2012-04-17 18:00:00,8.6687
2012-04-17 19:00:00,3.8222
2012-04-17 20:00:00,2.83259166667
2012-04-17 21:00:00,2.65169166667
2012-04-17 22:00:00,2.67360833333
2012-04-17 23:00:00,2.67179166667
2012-04-18 00:00:00,8.07749166667
2012-04-18 01:00:00,10.3554666667
2012-04-18 02:00:00,13.1835
2012-04-18 03:00:00,14.2745166667
2012-04-18 04:00:00,13.0217833333
2012-04-18 05:00:00,13.4293083333
2012-04-18 06:00:00,15.4934583333
2012-04-18 07:00:00,15.9594666667
2012-04-18 08:00:00,16.1339833333
2012-04-18 09:00:00,15.8900166667
2012-04-18 10:00:00,15.824225
2012-04-18 11:00:00,16.06545
2012-04-18 12:00:00,16.1988666667
2012-04-18 13:00:00,15.4167083333
2012-04-18 14:00:00,8.93915
2012-04-18 15:00:00,10.604925
2012-04-18 16:00:00,6.56983333333
2012-04-18 17:00:00,9.16668333333
2012-04-18 18:00:00,6.36240833333
2012-04-18 19:00:00,3.33883333333
2012-04-18 20:00:00,2.83079166667
2012-04-18 21:00:00,2.673625
2012-04-18 22:00:00,2.67725833333
2012-04-18 23:00:00,2.67545
2012-04-19 00:00:00,8.52524166667
2012-04-19 01:00:00,10.3253166667
2012-04-19 02:00:00,12.79335
2012-04-19 03:00:00,14.5057
2012-04-19 04:00:00,15.9475916667
2012-04-19 05:00:00,17.2176833333
2012-04-19 06:00:00,18.6595833333
2012-04-19 07:00:00,20.660675
2012-04-19 08:00:00,20.9284083333
2012-04-19 09:00:00,20.464225
2012-04-19 10:00:00,20.465125
2012-04-19 11:00:00,20.7730666667
2012-04-19 12:00:00,20.8050583333
2012-04-19 13:00:00,20.4532666667
2012-04-19 14:00:00,10.5893833333
2012-04-19 15:00:00,11.4702333333
2012-04-19 16:00:00,7.15371666667
2012-04-19 17:00:00,8.603825
2012-04-19 18:00:00,6.3551
2012-04-19 19:00:00,3.319625
2012-04-19 20:00:00,2.7723
2012-04-19 21:00:00,2.6517
2012-04-19 22:00:00,2.68825
2012-04-19 23:00:00,2.6389
2012-04-20 00:00:00,8.57275
2012-04-20 01:00:00,10.2860333333
2012-04-20 02:00:00,12.4497666667
2012-04-20 03:00:00,13.810325
2012-04-20 04:00:00,13.0848333333
2012-04-20 05:00:00,17.632525
2012-04-20 06:00:00,18.0035333333
2012-04-20 07:00:00,19.5066166667
2012-04-20 08:00:00,20.2613833333
2012-04-20 09:00:00,20.2184166667
2012-04-20 10:00:00,20.2650333333
2012-04-20 11:00:00,20.5473833333
2012-04-20 12:00:00,19.84745
2012-04-20 13:00:00,18.1862583333
2012-04-20 14:00:00,8.49416666667
2012-04-20 15:00:00,10.368275
2012-04-20 16:00:00,7.15096666667
2012-04-20 17:00:00,8.84321666667
2012-04-20 18:00:00,6.35601666667
2012-04-20 19:00:00,3.366225
2012-04-20 20:00:00,2.78144166667
2012-04-20 21:00:00,2.64439166667
2012-04-20 22:00:00,2.629775
2012-04-20 23:00:00,2.6855
2012-04-21 00:00:00,2.633425
2012-04-21 01:00:00,2.66995833333
2012-04-21 02:00:00,2.62976666667
2012-04-21 03:00:00,2.85636666667
2012-04-21 04:00:00,1.82931666667
2012-04-21 05:00:00,17.8372083333
2012-04-21 06:00:00,12.1866166667
2012-04-21 07:00:00,11.7535
2012-04-21 08:00:00,12.7632
2012-04-21 09:00:00,12.7933333333
2012-04-21 10:00:00,2.94408333333
2012-04-21 11:00:00,1.71418333333
2012-04-21 12:00:00,1.71783333333
2012-04-21 13:00:00,1.70686666667
2012-04-21 14:00:00,1.71600833333
2012-04-21 15:00:00,1.84941666667
2012-04-21 16:00:00,2.67543333333
2012-04-21 17:00:00,2.65535833333
2012-04-21 18:00:00,2.66448333333
2012-04-21 19:00:00,2.640725
2012-04-21 20:00:00,2.65899166667
2012-04-21 21:00:00,2.65350833333
2012-04-21 22:00:00,2.67270833333
2012-04-21 23:00:00,2.65533333333
2012-04-22 00:00:00,2.64255
2012-04-22 01:00:00,2.67179166667
2012-04-22 02:00:00,2.63159166667
2012-04-22 03:00:00,2.90023333333
2012-04-22 04:00:00,1.84758333333
2012-04-22 05:00:00,1.719675
2012-04-22 06:00:00,1.74706666667
2012-04-22 07:00:00,1.71600833333
2012-04-22 08:00:00,1.73428333333
2012-04-22 09:00:00,1.726975
2012-04-22 10:00:00,1.74159166667
2012-04-22 11:00:00,1.7617
2012-04-22 12:00:00,1.71783333333
2012-04-22 13:00:00,1.72151666667
2012-04-22 14:00:00,1.71966666667
2012-04-22 15:00:00,1.87865
2012-04-22 16:00:00,2.66083333333
2012-04-22 17:00:00,2.67361666667
2012-04-22 18:00:00,2.629775
2012-04-22 19:00:00,2.65169166667
2012-04-22 20:00:00,2.65626666667
2012-04-22 21:00:00,2.66081666667
2012-04-22 22:00:00,2.6316
2012-04-22 23:00:00,2.6663
2012-04-23 00:00:00,9.45544166667
2012-04-23 01:00:00,10.6697916667
2012-04-23 02:00:00,13.4667666667
2012-04-23 03:00:00,14.9041
2012-04-23 04:00:00,14.780725
2012-04-23 05:00:00,12.9486833333
2012-04-23 06:00:00,13.5298166667
2012-04-23 07:00:00,13.82495
2012-04-23 08:00:00,13.9327666667
2012-04-23 09:00:00,13.9610916667
2012-04-23 10:00:00,14.1721833333
2012-04-23 11:00:00,13.8322666667
2012-04-23 12:00:00,13.6787583333
2012-04-23 13:00:00,13.4813916667
2012-04-23 14:00:00,8.4037
2012-04-23 15:00:00,10.8260583333
2012-04-23 16:00:00,6.65936666667
2012-04-23 17:00:00,9.08994166667
2012-04-23 18:00:00,6.02340833333
2012-04-23 19:00:00,3.60471666667
2012-04-23 20:00:00,2.80338333333
2012-04-23 21:00:00,2.66813333333
2012-04-23 22:00:00,2.658975
2012-04-23 23:00:00,2.637075
2012-04-24 00:00:00,8.67143333333
2012-04-24 01:00:00,10.2038
2012-04-24 02:00:00,12.70655
2012-04-24 03:00:00,14.3521833333
2012-04-24 04:00:00,15.4249166667
2012-04-24 05:00:00,13.707075
2012-04-24 06:00:00,14.587
2012-04-24 07:00:00,15.6963083333
2012-04-24 08:00:00,16.2893333333
2012-04-24 09:00:00,16.0937916667
2012-04-24 10:00:00,15.4477833333
2012-04-24 11:00:00,15.2376166667
2012-04-24 12:00:00,14.8483583333
2012-04-24 13:00:00,14.3576583333
2012-04-24 14:00:00,8.79205833333
2012-04-24 15:00:00,11.144025
2012-04-24 16:00:00,6.83298333333
2012-04-24 17:00:00,9.05613333333
2012-04-24 18:00:00,6.270125
2012-04-24 19:00:00,3.354375
2012-04-24 20:00:00,2.80154166667
2012-04-24 21:00:00,2.65535
2012-04-24 22:00:00,2.70560833333
2012-04-24 23:00:00,2.63708333333
2012-04-25 00:00:00,8.5819
2012-04-25 01:00:00,10.1352666667
2012-04-25 02:00:00,13.02085
2012-04-25 03:00:00,14.5084416667
2012-04-25 04:00:00,13.12595
2012-04-25 05:00:00,12.9998416667
2012-04-25 06:00:00,13.31235
2012-04-25 07:00:00,13.8880083333
2012-04-25 08:00:00,15.1197416667
2012-04-25 09:00:00,16.2052583333
2012-04-25 10:00:00,15.1407583333
2012-04-25 11:00:00,15.8626166667
2012-04-25 12:00:00,16.7297583333
2012-04-25 13:00:00,15.6222916667
2012-04-25 14:00:00,7.89476666667
2012-04-25 15:00:00,11.17785
2012-04-25 16:00:00,6.82566666667
2012-04-25 17:00:00,9.0671
2012-04-25 18:00:00,6.320375
2012-04-25 19:00:00,3.34066666667
2012-04-25 20:00:00,2.80703333333
2012-04-25 21:00:00,2.72114166667
2012-04-25 22:00:00,2.65534166667
2012-04-25 23:00:00,2.67909166667
2012-04-26 00:00:00,8.71255
2012-04-26 01:00:00,10.4843083333
2012-04-26 02:00:00,13.195375
2012-04-26 03:00:00,14.6656083333
2012-04-26 04:00:00,13.6814916667
2012-04-26 05:00:00,14.0479083333
2012-04-26 06:00:00,14.8940416667
2012-04-26 07:00:00,14.4463083333
2012-04-26 08:00:00,16.123025
2012-04-26 09:00:00,19.8967833333
2012-04-26 10:00:00,20.0283583333
2012-04-26 11:00:00,20.0064416667
2012-04-26 12:00:00,19.5276416667
2012-04-26 13:00:00,19.7825666667
2012-04-26 14:00:00,9.860225
2012-04-26 15:00:00,10.4249083333
2012-04-26 16:00:00,7.11715833333
2012-04-26 17:00:00,8.21365
2012-04-26 18:00:00,6.94538333333
2012-04-26 19:00:00,3.33881666667
2012-04-26 20:00:00,2.78144166667
2012-04-26 21:00:00,2.64621666667
2012-04-26 22:00:00,2.66080833333
2012-04-26 23:00:00,2.62245833333
2012-04-27 00:00:00,8.96475
2012-04-27 01:00:00,9.51300833333
2012-04-27 02:00:00,13.5252583333
2012-04-27 03:00:00,14.6866166667
2012-04-27 04:00:00,13.8706583333
2012-04-27 05:00:00,12.99255
2012-04-27 06:00:00,14.0552166667
2012-04-27 07:00:00,14.956175
2012-04-27 08:00:00,15.5217833333
2012-04-27 09:00:00,14.9680666667
2012-04-27 10:00:00,15.9713416667
2012-04-27 11:00:00,15.6277833333
2012-04-27 12:00:00,15.1096833333
2012-04-27 13:00:00,14.8191
2012-04-27 14:00:00,8.13508333333
2012-04-27 15:00:00,9.80174166667
2012-04-27 16:00:00,6.77266666667
2012-04-27 17:00:00,9.12740833333
2012-04-27 18:00:00,5.99874166667
2012-04-27 19:00:00,3.57183333333
2012-04-27 20:00:00,2.79971666667
2012-04-27 21:00:00,2.63890833333
2012-04-27 22:00:00,2.64438333333
2012-04-27 23:00:00,2.64621666667
2012-04-28 00:00:00,2.62611666667
2012-04-28 01:00:00,2.62978333333
2012-04-28 02:00:00,2.62794166667
2012-04-28 03:00:00,2.87099166667
2012-04-28 04:00:00,1.83479166667
2012-04-28 05:00:00,18.0254416667
2012-04-28 06:00:00,13.2209666667
2012-04-28 07:00:00,13.0263333333
2012-04-28 08:00:00,13.1880833333
2012-04-28 09:00:00,12.7595333333
2012-04-28 10:00:00,2.956875
2012-04-28 11:00:00,4.58608333333
2012-04-28 12:00:00,3.96018333333
2012-04-28 13:00:00,2.680925
2012-04-28 14:00:00,1.72149166667
2012-04-28 15:00:00,1.94445
2012-04-28 16:00:00,2.61881666667
2012-04-28 17:00:00,2.62064166667
2012-04-28 18:00:00,2.65535833333
2012-04-28 19:00:00,2.633425
2012-04-28 20:00:00,2.629775
2012-04-28 21:00:00,2.68186666667
2012-04-28 22:00:00,2.627925
2012-04-28 23:00:00,2.61516666667
2012-04-29 00:00:00,2.64439166667
2012-04-29 01:00:00,2.63343333333
2012-04-29 02:00:00,2.62795
2012-04-29 03:00:00,2.90206666667
2012-04-29 04:00:00,1.83845
2012-04-29 05:00:00,1.71966666667
2012-04-29 06:00:00,1.74341666667
2012-04-29 07:00:00,1.69591666667
2012-04-29 08:00:00,1.747075
2012-04-29 09:00:00,1.71965833333
2012-04-29 10:00:00,1.747075
2012-04-29 11:00:00,1.726975
2012-04-29 12:00:00,1.71419166667
2012-04-29 13:00:00,1.76078333333
2012-04-29 14:00:00,1.70323333333
2012-04-29 15:00:00,1.85673333333
2012-04-29 16:00:00,2.65716666667
2012-04-29 17:00:00,2.63708333333
2012-04-29 18:00:00,2.63706666667
2012-04-29 19:00:00,2.63525
2012-04-29 20:00:00,2.633425
2012-04-29 21:00:00,2.64255
2012-04-29 22:00:00,2.629775
2012-04-29 23:00:00,2.66814166667
2012-04-30 00:00:00,10.478825
2012-04-30 01:00:00,10.0630666667
2012-04-30 02:00:00,14.5267166667
2012-04-30 03:00:00,12.9715083333
2012-04-30 04:00:00,13.689725
2012-04-30 05:00:00,13.5544833333
2012-04-30 06:00:00,14.0853833333
2012-04-30 07:00:00,15.5318166667
2012-04-30 08:00:00,18.5572416667
2012-04-30 09:00:00,18.46585
2012-04-30 10:00:00,18.47775
2012-04-30 11:00:00,14.4316833333
2012-04-30 12:00:00,13.9282166667
2012-04-30 13:00:00,13.6924583333
2012-04-30 14:00:00,8.650425
2012-04-30 15:00:00,10.9384166667
2012-04-30 16:00:00,6.87409166667
2012-04-30 17:00:00,9.169425
2012-04-30 18:00:00,6.41631666667
2012-04-30 19:00:00,3.53983333333
2012-04-30 20:00:00,2.93494166667
2012-04-30 21:00:00,2.790575
2012-04-30 22:00:00,2.77229166667
2012-04-30 23:00:00,2.77961666667
2012-05-01 00:00:00,8.544425
2012-05-01 01:00:00,10.907375
2012-05-01 02:00:00,13.14695
2012-05-01 03:00:00,14.5385916667
2012-05-01 04:00:00,13.2940666667
2012-05-01 05:00:00,13.1049333333
2012-05-01 06:00:00,13.4768333333
2012-05-01 07:00:00,13.3050333333
2012-05-01 08:00:00,13.6897166667
2012-05-01 09:00:00,14.12375
2012-05-01 10:00:00,14.311975
2012-05-01 11:00:00,14.2251666667
2012-05-01 12:00:00,14.3192916667
2012-05-01 13:00:00,13.4402666667
2012-05-01 14:00:00,8.317825
2012-05-01 15:00:00,10.4687666667
2012-05-01 16:00:00,7.12445833333
2012-05-01 17:00:00,9.16578333333
2012-05-01 18:00:00,6.37976666667
2012-05-01 19:00:00,3.45760833333
2012-05-01 20:00:00,2.8856
2012-05-01 21:00:00,2.79058333333
2012-05-01 22:00:00,2.7915
2012-05-01 23:00:00,2.750375
2012-05-02 00:00:00,8.50055833333
2012-05-02 01:00:00,10.6369083333
2012-05-02 02:00:00,12.9696916667
2012-05-02 03:00:00,14.6308666667
2012-05-02 04:00:00,13.653175
2012-05-02 05:00:00,12.70745
2012-05-02 06:00:00,13.0839
2012-05-02 07:00:00,13.1533666667
2012-05-02 08:00:00,13.4174166667
2012-05-02 09:00:00,13.6869666667
2012-05-02 10:00:00,13.79755
2012-05-02 11:00:00,14.424375
2012-05-02 12:00:00,14.7259
2012-05-02 13:00:00,14.3147333333
2012-05-02 14:00:00,8.35070833333
2012-05-02 15:00:00,10.751125
2012-05-02 16:00:00,6.84029166667
2012-05-02 17:00:00,9.26994166667
2012-05-02 18:00:00,6.41081666667
2012-05-02 19:00:00,3.426525
2012-05-02 20:00:00,2.93311666667
2012-05-02 21:00:00,2.839925
2012-05-02 22:00:00,2.78143333333
2012-05-02 23:00:00,2.74670833333
2012-05-03 00:00:00,8.51335833333
2012-05-03 01:00:00,10.6259583333
2012-05-03 02:00:00,12.943175
2012-05-03 03:00:00,14.4828583333
2012-05-03 04:00:00,13.5398666667
2012-05-03 05:00:00,12.7586166667
2012-05-03 06:00:00,13.1606833333
2012-05-03 07:00:00,13.6860833333
2012-05-03 08:00:00,14.4783
2012-05-03 09:00:00,14.6537416667
2012-05-03 10:00:00,14.5459083333
2012-05-03 11:00:00,14.764275
2012-05-03 12:00:00,14.6921083333
2012-05-03 13:00:00,13.9803083333
2012-05-03 14:00:00,7.88105833333
2012-05-03 15:00:00,10.628675
2012-05-03 16:00:00,7.14731666667
2012-05-03 17:00:00,8.85691666667
2012-05-03 18:00:00,5.87356666667
2012-05-03 19:00:00,3.886175
2012-05-03 20:00:00,2.82713333333
2012-05-03 21:00:00,2.71199166667
2012-05-03 22:00:00,2.671775
2012-05-03 23:00:00,2.70469166667
2012-05-04 00:00:00,8.32423333333
2012-05-04 01:00:00,10.5071416667
2012-05-04 02:00:00,12.9943666667
2012-05-04 03:00:00,14.4655
2012-05-04 04:00:00,12.8436
2012-05-04 05:00:00,12.6517083333
2012-05-04 06:00:00,13.274875
2012-05-04 07:00:00,13.4430083333
2012-05-04 08:00:00,13.9236416667
2012-05-04 09:00:00,14.6784
2012-05-04 10:00:00,14.7670166667
2012-05-04 11:00:00,14.9634833333
2012-05-04 12:00:00,18.310525
2012-05-04 13:00:00,15.5985416667
2012-05-04 14:00:00,9.63454166667
2012-05-04 15:00:00,11.093775
2012-05-04 16:00:00,8.315075
2012-05-04 17:00:00,10.2174916667
2012-05-04 18:00:00,7.43605
2012-05-04 19:00:00,4.60436666667
2012-05-04 20:00:00,4.020475
2012-05-04 21:00:00,3.87063333333
2012-05-04 22:00:00,3.89619166667
2012-05-04 23:00:00,3.85235833333
2012-05-05 00:00:00,3.88158333333
2012-05-05 01:00:00,3.85784166667
2012-05-05 02:00:00,3.99123333333
2012-05-05 03:00:00,4.25439166667
2012-05-05 04:00:00,3.21456666667
2012-05-05 05:00:00,19.0332916667
2012-05-05 06:00:00,14.4609333333
2012-05-05 07:00:00,14.0908583333
2012-05-05 08:00:00,13.866975
2012-05-05 09:00:00,13.5142666667
2012-05-05 10:00:00,4.25075833333
2012-05-05 11:00:00,3.09395
2012-05-05 12:00:00,3.05741666667
2012-05-05 13:00:00,3.09579166667
2012-05-05 14:00:00,3.06289166667
2012-05-05 15:00:00,3.22186666667
2012-05-05 16:00:00,3.98575833333
2012-05-05 17:00:00,3.99671666667
2012-05-05 18:00:00,4.00950833333
2012-05-05 19:00:00,3.98025833333
2012-05-05 20:00:00,4.03143333333
2012-05-05 21:00:00,3.850525
2012-05-05 22:00:00,3.89255833333
2012-05-05 23:00:00,3.854175
2012-05-06 00:00:00,3.87793333333
2012-05-06 01:00:00,3.873375
2012-05-06 02:00:00,4.00403333333
2012-05-06 03:00:00,4.21235
2012-05-06 04:00:00,3.19995
2012-05-06 05:00:00,3.095775
2012-05-06 06:00:00,3.12135833333
2012-05-06 07:00:00,3.059225
2012-05-06 08:00:00,3.10490833333
2012-05-06 09:00:00,3.07751666667
2012-05-06 10:00:00,3.11770833333
2012-05-06 11:00:00,3.08845833333
2012-05-06 12:00:00,3.07568333333
2012-05-06 13:00:00,3.04825833333
2012-05-06 14:00:00,3.06653333333
2012-05-06 15:00:00,3.20359166667
2012-05-06 16:00:00,3.967475
2012-05-06 17:00:00,3.99305833333
2012-05-06 18:00:00,4.00950833333
2012-05-06 19:00:00,3.97114166667
2012-05-06 20:00:00,3.9894
2012-05-06 21:00:00,3.85783333333
2012-05-06 22:00:00,3.84684166667
2012-05-06 23:00:00,3.84686666667
2012-05-07 00:00:00,10.838825
2012-05-07 01:00:00,12.297175
2012-05-07 02:00:00,15.9686083333
2012-05-07 03:00:00,15.3116166667
2012-05-07 04:00:00,13.5216
2012-05-07 05:00:00,13.69155
2012-05-07 06:00:00,14.0415083333
2012-05-07 07:00:00,15.417625
2012-05-07 08:00:00,16.3596833333
2012-05-07 09:00:00,15.9823
2012-05-07 10:00:00,16.0051666667
2012-05-07 11:00:00,16.351475
2012-05-07 12:00:00,16.3505666667
2012-05-07 13:00:00,15.6597583333
2012-05-07 14:00:00,7.8655
2012-05-07 15:00:00,10.0667333333
2012-05-07 16:00:00,7.347425
2012-05-07 17:00:00,9.0552
2012-05-07 18:00:00,6.40625833333
2012-05-07 19:00:00,3.45030833333
2012-05-07 20:00:00,2.87098333333
2012-05-07 21:00:00,2.77596666667
2012-05-07 22:00:00,2.75035833333
2012-05-07 23:00:00,2.75768333333
2012-05-08 00:00:00,8.54809166667
2012-05-08 01:00:00,10.7237083333
2012-05-08 02:00:00,14.79625
2012-05-08 03:00:00,14.5833666667
2012-05-08 04:00:00,13.6413
2012-05-08 05:00:00,13.732675
2012-05-08 06:00:00,14.2845833333
2012-05-08 07:00:00,15.7200833333
2012-05-08 08:00:00,16.8439666667
2012-05-08 09:00:00,16.5141166667
2012-05-08 10:00:00,16.5899416667
2012-05-08 11:00:00,16.80195
2012-05-08 12:00:00,16.8796
2012-05-08 13:00:00,16.3825333333
2012-05-08 14:00:00,8.1369
2012-05-08 15:00:00,10.2650083333
2012-05-08 16:00:00,7.09614166667
2012-05-08 17:00:00,9.04425
2012-05-08 18:00:00,6.42819166667
2012-05-08 19:00:00,3.424725
2012-05-08 20:00:00,2.88194166667
2012-05-08 21:00:00,2.75218333333
2012-05-08 22:00:00,2.73575833333
2012-05-08 23:00:00,2.73393333333
2012-05-09 00:00:00,9.20780833333
2012-05-09 01:00:00,11.365175
2012-05-09 02:00:00,13.451225
2012-05-09 03:00:00,14.5979916667
2012-05-09 04:00:00,13.8505416667
2012-05-09 05:00:00,14.344875
2012-05-09 06:00:00,15.0685666667
2012-05-09 07:00:00,17.1144333333
2012-05-09 08:00:00,17.67
2012-05-09 09:00:00,17.276175
2012-05-09 10:00:00,17.06235
2012-05-09 11:00:00,17.28805
2012-05-09 12:00:00,17.3035916667
2012-05-09 13:00:00,16.6420416667
2012-05-09 14:00:00,8.27396666667
2012-05-09 15:00:00,10.3234916667
2012-05-09 16:00:00,6.57896666667
2012-05-09 17:00:00,9.182225
2012-05-09 18:00:00,6.43458333333
2012-05-09 19:00:00,3.42654166667
2012-05-09 20:00:00,2.90021666667
2012-05-09 21:00:00,2.7522
2012-05-09 22:00:00,2.74489166667
2012-05-09 23:00:00,2.770475
2012-05-10 00:00:00,9.19045833333
2012-05-10 01:00:00,11.3542
2012-05-10 02:00:00,13.43935
2012-05-10 03:00:00,14.8154583333
2012-05-10 04:00:00,13.9492416667
2012-05-10 05:00:00,13.7591666667
2012-05-10 06:00:00,15.1937583333
2012-05-10 07:00:00,15.62505
2012-05-10 08:00:00,15.5400416667
2012-05-10 09:00:00,15.24675
2012-05-10 10:00:00,15.5044166667
2012-05-10 11:00:00,15.7090833333
2012-05-10 12:00:00,15.6442333333
2012-05-10 13:00:00,14.8940333333
2012-05-10 14:00:00,7.72205833333
2012-05-10 15:00:00,9.93239166667
2012-05-10 16:00:00,7.19483333333
2012-05-10 17:00:00,9.10090833333
2012-05-10 18:00:00,5.945725
2012-05-10 19:00:00,3.409175
2012-05-10 20:00:00,2.863675
2012-05-10 21:00:00,2.75769166667
2012-05-10 22:00:00,2.76681666667
2012-05-10 23:00:00,2.75035
2012-05-11 00:00:00,8.54991666667
2012-05-11 01:00:00,10.6387333333
2012-05-11 02:00:00,13.4320416667
2012-05-11 03:00:00,13.9857583333
2012-05-11 04:00:00,12.9038916667
2012-05-11 05:00:00,12.9843166667
2012-05-11 06:00:00,14.527625
2012-05-11 07:00:00,15.0850083333
2012-05-11 08:00:00,15.508075
2012-05-11 09:00:00,14.979925
2012-05-11 10:00:00,14.9260166667
2012-05-11 11:00:00,15.2613666667
2012-05-11 12:00:00,15.4349833333
2012-05-11 13:00:00,14.5916083333
2012-05-11 14:00:00,7.55025833333
2012-05-11 15:00:00,9.7917
2012-05-11 16:00:00,7.016625
2012-05-11 17:00:00,9.17764166667
2012-05-11 18:00:00,6.26096666667
2012-05-11 19:00:00,3.4238
2012-05-11 20:00:00,2.83995
2012-05-11 21:00:00,2.71565
2012-05-11 22:00:00,2.70285
2012-05-11 23:00:00,2.71381666667
2012-05-12 00:00:00,2.743075
2012-05-12 01:00:00,2.71016666667
2012-05-12 02:00:00,2.86278333333
2012-05-12 03:00:00,3.06835
2012-05-12 04:00:00,2.05776666667
2012-05-12 05:00:00,18.2940833333
2012-05-12 06:00:00,12.5082583333
2012-05-12 07:00:00,12.3785083333
2012-05-12 08:00:00,12.5868416667
2012-05-12 09:00:00,12.5977916667
2012-05-12 10:00:00,3.13321666667
2012-05-12 11:00:00,1.90974166667
2012-05-12 12:00:00,1.9006
2012-05-12 13:00:00,1.9152
2012-05-12 14:00:00,1.93348333333
2012-05-12 15:00:00,2.05229166667
2012-05-12 16:00:00,2.83994166667
2012-05-12 17:00:00,2.85820833333
2012-05-12 18:00:00,2.85455833333
2012-05-12 19:00:00,2.83811666667
2012-05-12 20:00:00,2.87009166667
2012-05-12 21:00:00,2.71015
2012-05-12 22:00:00,2.71381666667
2012-05-12 23:00:00,2.69555833333
2012-05-13 00:00:00,2.713825
2012-05-13 01:00:00,2.71015833333
2012-05-13 02:00:00,2.88014166667
2012-05-13 03:00:00,3.0647
2012-05-13 04:00:00,2.052275
2012-05-13 05:00:00,1.91156666667
2012-05-13 06:00:00,1.95540833333
2012-05-13 07:00:00,1.93531666667
2012-05-13 08:00:00,1.95906666667
2012-05-13 09:00:00,1.91703333333
2012-05-13 10:00:00,1.91521666667
2012-05-13 11:00:00,1.91520833333
2012-05-13 12:00:00,1.93898333333
2012-05-13 13:00:00,1.895125
2012-05-13 14:00:00,1.922525
2012-05-13 15:00:00,2.07054166667
2012-05-13 16:00:00,2.8454
2012-05-13 17:00:00,2.84725
2012-05-13 18:00:00,2.839925
2012-05-13 19:00:00,2.83628333333
2012-05-13 20:00:00,2.89201666667
2012-05-13 21:00:00,2.72661666667
2012-05-13 22:00:00,2.72660833333
2012-05-13 23:00:00,2.70103333333
2012-05-14 00:00:00,10.2805583333
2012-05-14 01:00:00,10.44775
2012-05-14 02:00:00,15.1626833333
2012-05-14 03:00:00,14.6482416667
2012-05-14 04:00:00,14.5778916667
2012-05-14 05:00:00,14.2754333333
2012-05-14 06:00:00,15.6332583333
2012-05-14 07:00:00,16.60365
2012-05-14 08:00:00,16.7699583333
2012-05-14 09:00:00,16.4254666667
2012-05-14 10:00:00,16.153175
2012-05-14 11:00:00,16.4940083333
2012-05-14 12:00:00,16.3569416667
2012-05-14 13:00:00,15.7154833333
2012-05-14 14:00:00,7.9569
2012-05-14 15:00:00,10.5756833333
2012-05-14 16:00:00,6.868625
2012-05-14 17:00:00,9.1804
2012-05-14 18:00:00,6.34596666667
2012-05-14 19:00:00,3.35528333333
2012-05-14 20:00:00,2.80155
2012-05-14 21:00:00,2.67361666667
2012-05-14 22:00:00,2.6937
2012-05-14 23:00:00,2.67176666667
2012-05-15 00:00:00,8.87976666667
2012-05-15 01:00:00,10.7136666667
2012-05-15 02:00:00,14.6418666667
2012-05-15 03:00:00,14.7423666667
2012-05-15 04:00:00,13.8660833333
2012-05-15 05:00:00,13.806675
2012-05-15 06:00:00,15.677125
2012-05-15 07:00:00,16.7260916667
2012-05-15 08:00:00,16.9490416667
2012-05-15 09:00:00,16.621
2012-05-15 10:00:00,16.4574666667
2012-05-15 11:00:00,16.7379916667
2012-05-15 12:00:00,16.8339333333
2012-05-15 13:00:00,16.0015083333
2012-05-15 14:00:00,8.06654166667
2012-05-15 15:00:00,10.3636916667
2012-05-15 16:00:00,6.726075
2012-05-15 17:00:00,9.04789166667
2012-05-15 18:00:00,6.4035
2012-05-15 19:00:00,3.393675
2012-05-15 20:00:00,2.86185
2012-05-15 21:00:00,2.748525
2012-05-15 22:00:00,2.73756666667
2012-05-15 23:00:00,2.71565
2012-05-16 00:00:00,9.20506666667
2012-05-16 01:00:00,11.65025
2012-05-16 02:00:00,13.8752333333
2012-05-16 03:00:00,14.4243833333
2012-05-16 04:00:00,14.1100583333
2012-05-16 05:00:00,18.7856833333
2012-05-16 06:00:00,15.3390416667
2012-05-16 07:00:00,15.5227
2012-05-16 08:00:00,15.509
2012-05-16 09:00:00,14.853825
2012-05-16 10:00:00,14.7012416667
2012-05-16 11:00:00,15.0347583333
2012-05-16 12:00:00,15.6789416667
2012-05-16 13:00:00,15.2175166667
2012-05-16 14:00:00,9.25441666667
2012-05-16 15:00:00,11.8110583333
2012-05-16 16:00:00,7.585
2012-05-16 17:00:00,10.2037916667
2012-05-16 18:00:00,7.563075
2012-05-16 19:00:00,4.532175
2012-05-16 20:00:00,3.98394166667
2012-05-16 21:00:00,3.81946666667
2012-05-16 22:00:00,3.86606666667
2012-05-16 23:00:00,3.84504166667
2012-05-17 00:00:00,10.149875
2012-05-17 01:00:00,11.8476083333
2012-05-17 02:00:00,16.12485
2012-05-17 03:00:00,15.0018583333
2012-05-17 04:00:00,15.4340666667
2012-05-17 05:00:00,14.6053
2012-05-17 06:00:00,15.1763833333
2012-05-17 07:00:00,16.8924
2012-05-17 08:00:00,16.88235
2012-05-17 09:00:00,15.964025
2012-05-17 10:00:00,15.449575
2012-05-17 11:00:00,16.1321666667
2012-05-17 12:00:00,19.8456166667
2012-05-17 13:00:00,15.55195
2012-05-17 14:00:00,9.25531666667
2012-05-17 15:00:00,10.960375
2012-05-17 16:00:00,8.290425
2012-05-17 17:00:00,10.0484416667
2012-05-17 18:00:00,7.55485
2012-05-17 19:00:00,4.500175
2012-05-17 20:00:00,3.951025
2012-05-17 21:00:00,3.87153333333
2012-05-17 22:00:00,3.80116666667
2012-05-17 23:00:00,3.82310833333
2012-05-18 00:00:00,10.0000166667
2012-05-18 01:00:00,11.9298416667
2012-05-18 02:00:00,15.55285
2012-05-18 03:00:00,15.5099
2012-05-18 04:00:00,15.0046083333
2012-05-18 05:00:00,13.97025
2012-05-18 06:00:00,13.96475
2012-05-18 07:00:00,14.4399083333
2012-05-18 08:00:00,14.8638916667
2012-05-18 09:00:00,15.2248083333
2012-05-18 10:00:00,14.141125
2012-05-18 11:00:00,14.1246583333
2012-05-18 12:00:00,13.476825
2012-05-18 13:00:00,12.7239
2012-05-18 14:00:00,9.320175
2012-05-18 15:00:00,11.970975
2012-05-18 16:00:00,7.846325
2012-05-18 17:00:00,10.0785916667
2012-05-18 18:00:00,7.08791666667
2012-05-18 19:00:00,4.518475
2012-05-18 20:00:00,3.87519166667
2012-05-18 21:00:00,3.697
2012-05-18 22:00:00,3.67506666667
2012-05-18 23:00:00,3.67875
2012-05-19 00:00:00,3.64950833333
2012-05-19 01:00:00,3.64036666667
2012-05-19 02:00:00,3.751825
2012-05-19 03:00:00,3.96016666667
2012-05-19 04:00:00,2.95139166667
2012-05-19 05:00:00,19.3869166667
2012-05-19 06:00:00,13.9145
2012-05-19 07:00:00,14.0936
2012-05-19 08:00:00,13.9812083333
2012-05-19 09:00:00,13.606575
2012-05-19 10:00:00,3.91174166667
2012-05-19 11:00:00,2.7522
2012-05-19 12:00:00,2.74855
2012-05-19 13:00:00,3.01170833333
2012-05-19 14:00:00,2.9971
2012-05-19 15:00:00,3.1634
2012-05-19 16:00:00,3.938225
2012-05-19 17:00:00,3.95468333333
2012-05-19 18:00:00,3.94371666667
2012-05-19 19:00:00,3.93823333333
2012-05-19 20:00:00,3.95650833333
2012-05-19 21:00:00,3.81031666667
2012-05-19 22:00:00,3.81944166667
2012-05-19 23:00:00,3.81396666667
2012-05-20 00:00:00,3.80848333333
2012-05-20 01:00:00,3.79386666667
2012-05-20 02:00:00,3.9419
2012-05-20 03:00:00,4.15569166667
2012-05-20 04:00:00,3.16338333333
2012-05-20 05:00:00,3.07569166667
2012-05-20 06:00:00,3.05921666667
2012-05-20 07:00:00,3.08846666667
2012-05-20 08:00:00,3.00805833333
2012-05-20 09:00:00,3.09028333333
2012-05-20 10:00:00,3.019025
2012-05-20 11:00:00,3.13049166667
2012-05-20 12:00:00,3.03363333333
2012-05-20 13:00:00,3.00258333333
2012-05-20 14:00:00,2.97514166667
2012-05-20 15:00:00,3.13961666667
2012-05-20 16:00:00,3.91265833333
2012-05-20 17:00:00,3.91814166667
2012-05-20 18:00:00,3.93365833333
2012-05-20 19:00:00,3.91994166667
2012-05-20 20:00:00,3.93091666667
2012-05-20 21:00:00,3.75730833333
2012-05-20 22:00:00,3.78106666667
2012-05-20 23:00:00,3.77740833333
2012-05-21 00:00:00,11.642025
2012-05-21 01:00:00,12.629775
2012-05-21 02:00:00,16.4282166667
2012-05-21 03:00:00,15.1014416667
2012-05-21 04:00:00,17.3355583333
2012-05-21 05:00:00,16.18335
2012-05-21 06:00:00,16.3743
2012-05-21 07:00:00,16.7992
2012-05-21 08:00:00,18.263925
2012-05-21 09:00:00,18.0501166667
2012-05-21 10:00:00,17.393125
2012-05-21 11:00:00,17.402275
2012-05-21 12:00:00,17.6818666667
2012-05-21 13:00:00,16.7343166667
2012-05-21 14:00:00,8.45945833333
2012-05-21 15:00:00,10.815075
2012-05-21 16:00:00,7.44610833333
2012-05-21 17:00:00,6.86496666667
2012-05-21 18:00:00,7.96969166667
2012-05-21 19:00:00,3.37903333333
2012-05-21 20:00:00,2.90023333333
2012-05-21 21:00:00,2.70468333333
2012-05-21 22:00:00,2.70741666667
2012-05-21 23:00:00,2.69005
2012-05-22 00:00:00,9.848325
2012-05-22 01:00:00,10.5537583333
2012-05-22 02:00:00,15.2193416667
2012-05-22 03:00:00,14.6281333333
2012-05-22 04:00:00,14.9707916667
2012-05-22 05:00:00,12.34195
2012-05-22 06:00:00,27.5457583333
2012-05-22 07:00:00,18.583725
2012-05-22 08:00:00,17.9788333333
2012-05-22 09:00:00,17.621575
2012-05-22 10:00:00,16.7763416667
2012-05-22 11:00:00,16.940825
2012-05-22 12:00:00,17.054125
2012-05-22 13:00:00,16.4172583333
2012-05-22 14:00:00,8.66320833333
2012-05-22 15:00:00,10.8991416667
2012-05-22 16:00:00,5.74565
2012-05-22 17:00:00,8.271225
2012-05-22 18:00:00,5.10143333333
2012-05-22 19:00:00,3.725325
2012-05-22 20:00:00,2.92216666667
2012-05-22 21:00:00,2.69919166667
2012-05-22 22:00:00,2.70285833333
2012-05-22 23:00:00,2.72843333333
2012-05-23 00:00:00,8.75824166667
2012-05-23 01:00:00,9.19318333333
2012-05-23 02:00:00,13.3150916667
2012-05-23 03:00:00,12.6645166667
2012-05-23 04:00:00,13.1972166667
2012-05-23 05:00:00,17.0486583333
2012-05-23 06:00:00,17.0788
2012-05-23 07:00:00,17.3236833333
2012-05-23 08:00:00,16.9801083333
2012-05-23 09:00:00,19.34215
2012-05-23 10:00:00,19.6710916667
2012-05-23 11:00:00,19.7195166667
2012-05-23 12:00:00,19.3366666667
2012-05-23 13:00:00,19.0954333333
2012-05-23 14:00:00,9.43624166667
2012-05-23 15:00:00,11.7818333333
2012-05-23 16:00:00,6.85948333333
2012-05-23 17:00:00,8.61478333333
2012-05-23 18:00:00,8.18715
2012-05-23 19:00:00,3.78655833333
2012-05-23 20:00:00,2.82896666667
2012-05-23 21:00:00,2.68090833333
2012-05-23 22:00:00,2.733925
2012-05-23 23:00:00,2.707425
2012-05-24 00:00:00,9.0744
2012-05-24 01:00:00,9.98819166667
2012-05-24 02:00:00,11.1659583333
2012-05-24 03:00:00,13.349825
2012-05-24 04:00:00,12.9075583333
2012-05-24 05:00:00,12.1975916667
2012-05-24 06:00:00,12.53565
2012-05-24 07:00:00,14.6994166667
2012-05-24 08:00:00,13.7792583333
2012-05-24 09:00:00,14.50295
2012-05-24 10:00:00,14.9863333333
2012-05-24 11:00:00,15.0018583333
2012-05-24 12:00:00,14.633625
2012-05-24 13:00:00,13.919075
2012-05-24 14:00:00,7.5795
2012-05-24 15:00:00,10.119725
2012-05-24 16:00:00,5.36369166667
2012-05-24 17:00:00,8.370825
2012-05-24 18:00:00,5.07309166667
2012-05-24 19:00:00,3.66595
2012-05-24 20:00:00,2.79424166667
2012-05-24 21:00:00,2.660825
2012-05-24 22:00:00,2.67361666667
2012-05-24 23:00:00,2.69646666667
2012-05-25 00:00:00,8.30410833333
2012-05-25 01:00:00,8.600175
2012-05-25 02:00:00,9.03053333333
2012-05-25 03:00:00,8.26208333333
2012-05-25 04:00:00,14.6125916667
2012-05-25 05:00:00,12.5356583333
2012-05-25 06:00:00,12.299
2012-05-25 07:00:00,13.0080583333
2012-05-25 08:00:00,16.7708583333
2012-05-25 09:00:00,13.64495
2012-05-25 10:00:00,13.6285083333
2012-05-25 11:00:00,14.0908666667
2012-05-25 12:00:00,14.4426666667
2012-05-25 13:00:00,13.8971416667
2012-05-25 14:00:00,7.91119166667
2012-05-25 15:00:00,10.2366833333
2012-05-25 16:00:00,6.775425
2012-05-25 17:00:00,6.70689166667
2012-05-25 18:00:00,8.69611666667
2012-05-25 19:00:00,3.85691666667
2012-05-25 20:00:00,2.80703333333
2012-05-25 21:00:00,2.660825
2012-05-25 22:00:00,2.66265
2012-05-25 23:00:00,2.67360833333
2012-05-26 00:00:00,2.65899166667
2012-05-26 01:00:00,2.65533333333
2012-05-26 02:00:00,2.75715833333
2012-05-26 03:00:00,2.566075
2012-05-26 04:00:00,1.94076666667
2012-05-26 05:00:00,15.3810666667
2012-05-26 06:00:00,13.3059333333
2012-05-26 07:00:00,11.5597916667
2012-05-26 08:00:00,11.392575
2012-05-26 09:00:00,11.1467916667
2012-05-26 10:00:00,3.06835833333
2012-05-26 11:00:00,1.867675
2012-05-26 12:00:00,1.86403333333
2012-05-26 13:00:00,1.88231666667
2012-05-26 14:00:00,1.88595833333
2012-05-26 15:00:00,1.87865
2012-05-26 16:00:00,2.25511666667
2012-05-26 17:00:00,2.82163333333
2012-05-26 18:00:00,2.80794166667
2012-05-26 19:00:00,2.803375
2012-05-26 20:00:00,2.80885
2012-05-26 21:00:00,2.68275833333
2012-05-26 22:00:00,2.657175
2012-05-26 23:00:00,2.65899166667
2012-05-27 00:00:00,2.70650833333
2012-05-27 01:00:00,2.66265
2012-05-27 02:00:00,2.79240833333
2012-05-27 03:00:00,2.62794166667
2012-05-27 04:00:00,1.92616666667
2012-05-27 05:00:00,1.89144166667
2012-05-27 06:00:00,1.86218333333
2012-05-27 07:00:00,1.87135
2012-05-27 08:00:00,1.85854166667
2012-05-27 09:00:00,1.89874166667
2012-05-27 10:00:00,1.88046666667
2012-05-27 11:00:00,1.87316666667
2012-05-27 12:00:00,1.85305833333
2012-05-27 13:00:00,1.88596666667
2012-05-27 14:00:00,1.85855
2012-05-27 15:00:00,1.86219166667
2012-05-27 16:00:00,2.25876666667
2012-05-27 17:00:00,2.84174166667
2012-05-27 18:00:00,2.83261666667
2012-05-27 19:00:00,2.786925
2012-05-27 20:00:00,2.83991666667
2012-05-27 21:00:00,2.66446666667
2012-05-27 22:00:00,2.69005
2012-05-27 23:00:00,2.67543333333
2012-05-28 00:00:00,2.698275
2012-05-28 01:00:00,2.66629166667
2012-05-28 02:00:00,2.783275
2012-05-28 03:00:00,2.6462
2012-05-28 04:00:00,1.924325
2012-05-28 05:00:00,1.88779166667
2012-05-28 06:00:00,1.860375
2012-05-28 07:00:00,1.880475
2012-05-28 08:00:00,1.85854166667
2012-05-28 09:00:00,1.87134166667
2012-05-28 10:00:00,1.82749166667
2012-05-28 11:00:00,1.84940833333
2012-05-28 12:00:00,1.80003333333
2012-05-28 13:00:00,1.80920833333
2012-05-28 14:00:00,2.64800833333
2012-05-28 15:00:00,2.72479166667
2012-05-28 16:00:00,2.75219166667
2012-05-28 17:00:00,2.73756666667
2012-05-28 18:00:00,2.74305
2012-05-28 19:00:00,2.76133333333
2012-05-28 20:00:00,2.73758333333
2012-05-28 21:00:00,2.600525
2012-05-28 22:00:00,2.60326666667
2012-05-28 23:00:00,2.5932
2012-05-29 00:00:00,10.0192166667
2012-05-29 01:00:00,9.21238333333
2012-05-29 02:00:00,11.4510416667
2012-05-29 03:00:00,11.4711416667
2012-05-29 04:00:00,15.2184166667
2012-05-29 05:00:00,12.7102
2012-05-29 06:00:00,14.641825
2012-05-29 07:00:00,15.518125
2012-05-29 08:00:00,15.51355
2012-05-29 09:00:00,15.325325
2012-05-29 10:00:00,15.2714083333
2012-05-29 11:00:00,15.4559833333
2012-05-29 12:00:00,15.3371916667
2012-05-29 13:00:00,15.0621666667
2012-05-29 14:00:00,7.96055
2012-05-29 15:00:00,10.597625
2012-05-29 16:00:00,5.91468333333
2012-05-29 17:00:00,8.82769166667
2012-05-29 18:00:00,5.21566666667
2012-05-29 19:00:00,3.232825
2012-05-29 20:00:00,2.75768333333
2012-05-29 21:00:00,2.65534166667
2012-05-29 22:00:00,2.68824166667
2012-05-29 23:00:00,2.63890833333
2012-05-30 00:00:00,8.41101666667
2012-05-30 01:00:00,8.59194166667
2012-05-30 02:00:00,10.6104083333
2012-05-30 03:00:00,9.803575
2012-05-30 04:00:00,14.5029583333
2012-05-30 05:00:00,14.1073
2012-05-30 06:00:00,14.4919916667
2012-05-30 07:00:00,15.228475
2012-05-30 08:00:00,14.9963833333
2012-05-30 09:00:00,14.2864
2012-05-30 10:00:00,14.590675
2012-05-30 11:00:00,14.7048916667
2012-05-30 12:00:00,14.8245916667
2012-05-30 13:00:00,14.680225
2012-05-30 14:00:00,7.70469166667
2012-05-30 15:00:00,10.172725
2012-05-30 16:00:00,5.92198333333
2012-05-30 17:00:00,7.82531666667
2012-05-30 18:00:00,5.97589166667
2012-05-30 19:00:00,3.23283333333
2012-05-30 20:00:00,2.78325
2012-05-30 21:00:00,2.6316
2012-05-30 22:00:00,2.63890833333
2012-05-30 23:00:00,2.643475
2012-05-31 00:00:00,8.20359166667
2012-05-31 01:00:00,8.42928333333
2012-05-31 02:00:00,10.9960083333
2012-05-31 03:00:00,9.35581666667
2012-05-31 04:00:00,15.0941416667
2012-05-31 05:00:00,13.2419916667
2012-05-31 06:00:00,15.8745
2012-05-31 07:00:00,16.2390833333
2012-05-31 08:00:00,16.0508416667
2012-05-31 09:00:00,15.5190416667
2012-05-31 10:00:00,15.79225
2012-05-31 11:00:00,16.20435
2012-05-31 12:00:00,16.1659916667
2012-05-31 13:00:00,15.3344583333
2012-05-31 14:00:00,8.05558333333
2012-05-31 15:00:00,10.22205
2012-05-31 16:00:00,6.14128333333
2012-05-31 17:00:00,8.16248333333
2012-05-31 18:00:00,5.78035
2012-05-31 19:00:00,3.291325
2012-05-31 20:00:00,2.75585
2012-05-31 21:00:00,2.64071666667
2012-05-31 22:00:00,2.64074166667
2012-05-31 23:00:00,2.67088333333
2012-06-01 00:00:00,8.31414166667
2012-06-01 01:00:00,8.451225
2012-06-01 02:00:00,9.82916666667
2012-06-01 03:00:00,10.0511916667
2012-06-01 04:00:00,14.8913
2012-06-01 05:00:00,13.107675
2012-06-01 06:00:00,13.2383333333
2012-06-01 07:00:00,15.8753916667
2012-06-01 08:00:00,15.869
2012-06-01 09:00:00,15.1297916667
2012-06-01 10:00:00,14.7715916667
2012-06-01 11:00:00,15.505325
2012-06-01 12:00:00,15.704525
2012-06-01 13:00:00,15.6424083333
2012-06-01 14:00:00,7.920325
2012-06-01 15:00:00,10.0502666667
2012-06-01 16:00:00,5.85254166667
2012-06-01 17:00:00,7.99709166667
2012-06-01 18:00:00,5.87995833333
2012-06-01 19:00:00,3.23830833333
2012-06-01 20:00:00,2.74855
2012-06-01 21:00:00,2.637075
2012-06-01 22:00:00,2.636175
2012-06-01 23:00:00,2.626125
2012-06-02 00:00:00,2.609675
2012-06-02 01:00:00,2.62976666667
2012-06-02 02:00:00,2.74855
2012-06-02 03:00:00,2.60235
2012-06-02 04:00:00,1.91704166667
2012-06-02 05:00:00,17.278
2012-06-02 06:00:00,10.5354583333
2012-06-02 07:00:00,10.5491833333
2012-06-02 08:00:00,11.549725
2012-06-02 09:00:00,11.5451416667
2012-06-02 10:00:00,2.83715833333
2012-06-02 11:00:00,1.84028333333
2012-06-02 12:00:00,1.83478333333
2012-06-02 13:00:00,1.85854166667
2012-06-02 14:00:00,1.8348
2012-06-02 15:00:00,1.82566666667
2012-06-02 16:00:00,2.21856666667
2012-06-02 17:00:00,2.77048333333
2012-06-02 18:00:00,2.75220833333
2012-06-02 19:00:00,2.76685
2012-06-02 20:00:00,2.768675
2012-06-02 21:00:00,2.62976666667
2012-06-02 22:00:00,2.64438333333
2012-06-02 23:00:00,2.653525
2012-06-03 00:00:00,2.62611666667
2012-06-03 01:00:00,2.63160833333
2012-06-03 02:00:00,2.763175
2012-06-03 03:00:00,2.58955
2012-06-03 04:00:00,1.926175
2012-06-03 05:00:00,1.85671666667
2012-06-03 06:00:00,1.89326666667
2012-06-03 07:00:00,1.82566666667
2012-06-03 08:00:00,1.94535
2012-06-03 09:00:00,1.82748333333
2012-06-03 10:00:00,1.840275
2012-06-03 11:00:00,1.86585833333
2012-06-03 12:00:00,1.85124166667
2012-06-03 13:00:00,1.82746666667
2012-06-03 14:00:00,1.8293
2012-06-03 15:00:00,1.83114166667
2012-06-03 16:00:00,2.23135833333
2012-06-03 17:00:00,2.763175
2012-06-03 18:00:00,2.76315833333
2012-06-03 19:00:00,2.77595
2012-06-03 20:00:00,2.74305
2012-06-03 21:00:00,2.64074166667
2012-06-03 22:00:00,2.62246666667
2012-06-03 23:00:00,2.64255833333
2012-06-04 00:00:00,9.863875
2012-06-04 01:00:00,9.87483333333
2012-06-04 02:00:00,13.1816833333
2012-06-04 03:00:00,12.7513083333
2012-06-04 04:00:00,15.7666666667
2012-06-04 05:00:00,12.6206333333
2012-06-04 06:00:00,12.8079666667
2012-06-04 07:00:00,12.796075
2012-06-04 08:00:00,12.4561666667
2012-06-04 09:00:00,13.36535
2012-06-04 10:00:00,13.696125
2012-06-04 11:00:00,13.926375
2012-06-04 12:00:00,13.208175
2012-06-04 13:00:00,13.3918416667
2012-06-04 14:00:00,7.34559166667
2012-06-04 15:00:00,9.790775
2012-06-04 16:00:00,5.9969
2012-06-04 17:00:00,8.00440833333
2012-06-04 18:00:00,6.03254166667
2012-06-04 19:00:00,3.34430833333
2012-06-04 20:00:00,2.90020833333
2012-06-04 21:00:00,2.78690833333
2012-06-04 22:00:00,2.76863333333
2012-06-04 23:00:00,2.74305833333
2012-06-05 00:00:00,8.50971666667
2012-06-05 01:00:00,8.83865
2012-06-05 02:00:00,9.797175
2012-06-05 03:00:00,12.107125
2012-06-05 04:00:00,14.7779916667
2012-06-05 05:00:00,12.0285333333
2012-06-05 06:00:00,13.6111416667
2012-06-05 07:00:00,14.6847833333
2012-06-05 08:00:00,14.6318
2012-06-05 09:00:00,13.9364166667
2012-06-05 10:00:00,13.8002833333
2012-06-05 11:00:00,14.0872083333
2012-06-05 12:00:00,14.178575
2012-06-05 13:00:00,14.1045583333
2012-06-05 14:00:00,7.97515833333
2012-06-05 15:00:00,10.1645
2012-06-05 16:00:00,6.09560833333
2012-06-05 17:00:00,7.40315833333
2012-06-05 18:00:00,5.83243333333
2012-06-05 19:00:00,3.34338333333
2012-06-05 20:00:00,2.90389166667
2012-06-05 21:00:00,2.754025
2012-06-05 22:00:00,2.74854166667
2012-06-05 23:00:00,2.76133333333
2012-06-06 00:00:00,8.58371666667
2012-06-06 01:00:00,5.97863333333
2012-06-06 02:00:00,9.504775
2012-06-06 03:00:00,8.2831
2012-06-06 04:00:00,15.8397916667
2012-06-06 05:00:00,12.02305
2012-06-06 06:00:00,13.2520333333
2012-06-06 07:00:00,14.2598916667
2012-06-06 08:00:00,14.3001
2012-06-06 09:00:00,14.3622333333
2012-06-06 10:00:00,14.003125
2012-06-06 11:00:00,14.0460833333
2012-06-06 12:00:00,14.4042666667
2012-06-06 13:00:00,14.0278
2012-06-06 14:00:00,7.889275
2012-06-06 15:00:00,10.2156583333
2012-06-06 16:00:00,6.08735833333
2012-06-06 17:00:00,8.94465
2012-06-06 18:00:00,5.25678333333
2012-06-06 19:00:00,3.35070833333
2012-06-06 20:00:00,2.90935
2012-06-06 21:00:00,2.46103333333
2012-06-06 22:00:00,2.7449
2012-06-06 23:00:00,2.78783333333
2012-06-07 00:00:00,8.32605
2012-06-07 01:00:00,7.69008333333
2012-06-07 02:00:00,9.275425
2012-06-07 03:00:00,9.720425
2012-06-07 04:00:00,15.587575
2012-06-07 05:00:00,14.5742333333
2012-06-07 06:00:00,14.44265
2012-06-07 07:00:00,15.0429833333
2012-06-07 08:00:00,14.8182083333
2012-06-07 09:00:00,14.407925
2012-06-07 10:00:00,14.4764583333
2012-06-07 11:00:00,14.7387
2012-06-07 12:00:00,15.1581166667
2012-06-07 13:00:00,15.249475
2012-06-07 14:00:00,8.2566
2012-06-07 15:00:00,10.4669583333
2012-06-07 16:00:00,5.89091666667
2012-06-07 17:00:00,8.78748333333
2012-06-07 18:00:00,5.29789166667
2012-06-07 19:00:00,3.369875
2012-06-07 20:00:00,2.891075
2012-06-07 21:00:00,2.74489166667
2012-06-07 22:00:00,2.75035833333
2012-06-07 23:00:00,2.74306666667
2012-06-08 00:00:00,8.51335833333
2012-06-08 01:00:00,8.49144166667
2012-06-08 02:00:00,9.90316666667
2012-06-08 03:00:00,11.4711333333
2012-06-08 04:00:00,14.3357416667
2012-06-08 05:00:00,14.8218583333
2012-06-08 06:00:00,12.7933333333
2012-06-08 07:00:00,13.327875
2012-06-08 08:00:00,13.8414166667
2012-06-08 09:00:00,13.676025
2012-06-08 10:00:00,13.8286083333
2012-06-08 11:00:00,14.091775
2012-06-08 12:00:00,14.1411166667
2012-06-08 13:00:00,14.1036416667
2012-06-08 14:00:00,7.513725
2012-06-08 15:00:00,10.4733416667
2012-06-08 16:00:00,8.00165
2012-06-08 17:00:00,5.4185
2012-06-08 18:00:00,6.01610833333
2012-06-08 19:00:00,3.25475833333
2012-06-08 20:00:00,2.82348333333
2012-06-08 21:00:00,2.66994166667
2012-06-08 22:00:00,2.6937
2012-06-08 23:00:00,2.66810833333
2012-06-09 00:00:00,2.680925
2012-06-09 01:00:00,2.6736
2012-06-09 02:00:00,2.81158333333
2012-06-09 03:00:00,2.64986666667
2012-06-09 04:00:00,1.96453333333
2012-06-09 05:00:00,16.2710583333
2012-06-09 06:00:00,9.96438333333
2012-06-09 07:00:00,9.76153333333
2012-06-09 08:00:00,10.6515333333
2012-06-09 09:00:00,10.6387333333
2012-06-09 10:00:00,5.832425
2012-06-09 11:00:00,8.25933333333
2012-06-09 12:00:00,7.10526666667
2012-06-09 13:00:00,1.87865833333
2012-06-09 14:00:00,1.880475
2012-06-09 15:00:00,1.88414166667
2012-06-09 16:00:00,2.25329166667
2012-06-09 17:00:00,2.81434166667
2012-06-09 18:00:00,2.80335833333
2012-06-09 19:00:00,2.83809166667
2012-06-09 20:00:00,2.82345833333
2012-06-09 21:00:00,2.671775
2012-06-09 22:00:00,2.66995
2012-06-09 23:00:00,2.67725833333
2012-06-10 00:00:00,2.679075
2012-06-10 01:00:00,2.664475
2012-06-10 02:00:00,2.81800833333
2012-06-10 03:00:00,2.63523333333
2012-06-10 04:00:00,1.96271666667
2012-06-10 05:00:00,1.90971666667
2012-06-10 06:00:00,8.57915833333
2012-06-10 07:00:00,7.62611666667
2012-06-10 08:00:00,7.62884166667
2012-06-10 09:00:00,8.130475
2012-06-10 10:00:00,2.950475
2012-06-10 11:00:00,1.89509166667
2012-06-10 12:00:00,1.92068333333
2012-06-10 13:00:00,1.88960833333
2012-06-10 14:00:00,1.88231666667
2012-06-10 15:00:00,1.876825
2012-06-10 16:00:00,2.26791666667
2012-06-10 17:00:00,2.80885
2012-06-10 18:00:00,2.80153333333
2012-06-10 19:00:00,2.81616666667
2012-06-10 20:00:00,2.79606666667
2012-06-10 21:00:00,2.67908333333
2012-06-10 22:00:00,2.69188333333
2012-06-10 23:00:00,2.655325
2012-06-11 00:00:00,9.28365
2012-06-11 01:00:00,10.7072583333
2012-06-11 02:00:00,11.89695
2012-06-11 03:00:00,10.162675
2012-06-11 04:00:00,12.1171583333
2012-06-11 05:00:00,11.9197916667
2012-06-11 06:00:00,12.04865
2012-06-11 07:00:00,12.31545
2012-06-11 08:00:00,12.5758666667
2012-06-11 09:00:00,13.2501916667
2012-06-11 10:00:00,13.8030083333
2012-06-11 11:00:00,14.1438583333
2012-06-11 12:00:00,14.4728166667
2012-06-11 13:00:00,14.3165416667
2012-06-11 14:00:00,7.69280833333
2012-06-11 15:00:00,9.83280833333
2012-06-11 16:00:00,5.86625833333
2012-06-11 17:00:00,7.58315833333
2012-06-11 18:00:00,6.32310833333
2012-06-11 19:00:00,3.30685833333
2012-06-11 20:00:00,2.850875
2012-06-11 21:00:00,2.68638333333
2012-06-11 22:00:00,2.693725
2012-06-11 23:00:00,2.69370833333
2012-06-12 00:00:00,8.148775
2012-06-12 01:00:00,8.66686666667
2012-06-12 02:00:00,9.91503333333
2012-06-12 03:00:00,9.73320833333
2012-06-12 04:00:00,15.5172
2012-06-12 05:00:00,12.4781
2012-06-12 06:00:00,11.9956333333
2012-06-12 07:00:00,12.851825
2012-06-12 08:00:00,13.9254833333
2012-06-12 09:00:00,13.6942916667
2012-06-12 10:00:00,13.3635
2012-06-12 11:00:00,13.3379333333
2012-06-12 12:00:00,13.0492
2012-06-12 13:00:00,12.1198916667
2012-06-12 14:00:00,7.15096666667
2012-06-12 15:00:00,9.58885
2012-06-12 16:00:00,5.97041666667
2012-06-12 17:00:00,6.15591666667
2012-06-12 18:00:00,7.30814166667
2012-06-12 19:00:00,3.38908333333
2012-06-12 20:00:00,2.907525
2012-06-12 21:00:00,2.78144166667
2012-06-12 22:00:00,2.77411666667
2012-06-12 23:00:00,2.77413333333
2012-06-13 00:00:00,8.48595
2012-06-13 01:00:00,8.55264166667
2012-06-13 02:00:00,9.18221666667
2012-06-13 03:00:00,9.92144166667
2012-06-13 04:00:00,13.8496166667
2012-06-13 05:00:00,10.9759083333
2012-06-13 06:00:00,11.5013083333
2012-06-13 07:00:00,11.6255583333
2012-06-13 08:00:00,12.170175
2012-06-13 09:00:00,13.337925
2012-06-13 10:00:00,13.2566166667
2012-06-13 11:00:00,13.0007583333
2012-06-13 12:00:00,13.1962916667
2012-06-13 13:00:00,13.7710583333
2012-06-13 14:00:00,8.26116666667
2012-06-13 15:00:00,10.043875
2012-06-13 16:00:00,5.915575
2012-06-13 17:00:00,7.24235833333
2012-06-13 18:00:00,5.811425
2012-06-13 19:00:00,3.39365
2012-06-13 20:00:00,2.90751666667
2012-06-13 21:00:00,2.77413333333
2012-06-13 22:00:00,2.790575
2012-06-13 23:00:00,2.754025
2012-06-14 00:00:00,8.5362
2012-06-14 01:00:00,8.501475
2012-06-14 02:00:00,9.38599166667
2012-06-14 03:00:00,7.99526666667
2012-06-14 04:00:00,15.33355
2012-06-14 05:00:00,11.3057666667
2012-06-14 06:00:00,11.1248333333
2012-06-14 07:00:00,11.303925
2012-06-14 08:00:00,12.1445916667
2012-06-14 09:00:00,12.947775
2012-06-14 10:00:00,12.6772833333
2012-06-14 11:00:00,12.9934583333
2012-06-14 12:00:00,13.6778583333
2012-06-14 13:00:00,13.1579333333
2012-06-14 14:00:00,7.69098333333
2012-06-14 15:00:00,9.788025
2012-06-14 16:00:00,6.03070833333
2012-06-14 17:00:00,7.33828333333
2012-06-14 18:00:00,5.86533333333
2012-06-14 19:00:00,3.38268333333
2012-06-14 20:00:00,2.92033333333
2012-06-14 21:00:00,2.77595833333
2012-06-14 22:00:00,2.83261666667
2012-06-14 23:00:00,2.744875
2012-06-15 00:00:00,8.549
2012-06-15 01:00:00,6.67580833333
2012-06-15 02:00:00,9.381425
2012-06-15 03:00:00,9.19683333333
2012-06-15 04:00:00,14.7524166667
2012-06-15 05:00:00,11.2217
2012-06-15 06:00:00,10.9448333333
2012-06-15 07:00:00,11.994725
2012-06-15 08:00:00,12.7184083333
2012-06-15 09:00:00,12.905725
2012-06-15 10:00:00,13.0391416667
2012-06-15 11:00:00,13.2356
2012-06-15 12:00:00,13.7363166667
2012-06-15 13:00:00,13.111325
2012-06-15 14:00:00,7.490875
2012-06-15 15:00:00,10.9905083333
2012-06-15 16:00:00,8.28400833333
2012-06-15 17:00:00,6.88963333333
2012-06-15 18:00:00,6.58535
2012-06-15 19:00:00,3.36166666667
2012-06-15 20:00:00,2.86733333333
2012-06-15 21:00:00,2.73209166667
2012-06-15 22:00:00,2.730275
2012-06-15 23:00:00,2.72295833333
2012-06-16 00:00:00,2.70646666667
2012-06-16 01:00:00,2.72114166667
2012-06-16 02:00:00,2.85271666667
2012-06-16 03:00:00,2.712
2012-06-16 04:00:00,2.03035
2012-06-16 05:00:00,18.1689
2012-06-16 06:00:00,11.961825
2012-06-16 07:00:00,12.287125
2012-06-16 08:00:00,12.25515
2012-06-16 09:00:00,12.1610166667
2012-06-16 10:00:00,2.95140833333
2012-06-16 11:00:00,1.93348333333
2012-06-16 12:00:00,1.90791666667
2012-06-16 13:00:00,1.96638333333
2012-06-16 14:00:00,1.909725
2012-06-16 15:00:00,1.935325
2012-06-16 16:00:00,2.31178333333
2012-06-16 17:00:00,2.83263333333
2012-06-16 18:00:00,2.845425
2012-06-16 19:00:00,2.839925
2012-06-16 20:00:00,2.85636666667
2012-06-16 21:00:00,2.72113333333
2012-06-16 22:00:00,2.71929166667
2012-06-16 23:00:00,2.74673333333
2012-06-17 00:00:00,2.71016666667
2012-06-17 01:00:00,2.7065
2012-06-17 02:00:00,2.856375
2012-06-17 03:00:00,2.68640833333
2012-06-17 04:00:00,1.98648333333
2012-06-17 05:00:00,1.94629166667
2012-06-17 06:00:00,1.93165
2012-06-17 07:00:00,1.9408
2012-06-17 08:00:00,1.94628333333
2012-06-17 09:00:00,1.97916666667
2012-06-17 10:00:00,1.95540833333
2012-06-17 11:00:00,1.92800833333
2012-06-17 12:00:00,1.92800833333
2012-06-17 13:00:00,1.91520833333
2012-06-17 14:00:00,1.94078333333
2012-06-17 15:00:00,1.91704166667
2012-06-17 16:00:00,2.32275833333
2012-06-17 17:00:00,2.86551666667
2012-06-17 18:00:00,2.8308
2012-06-17 19:00:00,2.89656666667
2012-06-17 20:00:00,2.85730833333
2012-06-17 21:00:00,2.71564166667
2012-06-17 22:00:00,2.71199166667
2012-06-17 23:00:00,2.71200833333
2012-06-18 00:00:00,11.0325583333
2012-06-18 01:00:00,11.5524833333
2012-06-18 02:00:00,13.55175
2012-06-18 03:00:00,12.0267166667
2012-06-18 04:00:00,16.032575
2012-06-18 05:00:00,14.7451
2012-06-18 06:00:00,15.0046
2012-06-18 07:00:00,15.8434166667
2012-06-18 08:00:00,21.3003083333
2012-06-18 09:00:00,23.1186416667
2012-06-18 10:00:00,22.5887
2012-06-18 11:00:00,22.6946833333
2012-06-18 12:00:00,22.6234083333
2012-06-18 13:00:00,21.2262833333
2012-06-18 14:00:00,10.1535416667
2012-06-18 15:00:00,13.8578583333
2012-06-18 16:00:00,8.34795833333
2012-06-18 17:00:00,11.0307416667
2012-06-18 18:00:00,9.07623333333
2012-06-18 19:00:00,3.80119166667
2012-06-18 20:00:00,2.89840833333
2012-06-18 21:00:00,2.74488333333
2012-06-18 22:00:00,2.79241666667
2012-06-18 23:00:00,2.74306666667
2012-06-19 00:00:00,10.023775
2012-06-19 01:00:00,11.6118666667
2012-06-19 02:00:00,13.5627083333
2012-06-19 03:00:00,14.1319666667
2012-06-19 04:00:00,19.6290583333
2012-06-19 05:00:00,19.74695
2012-06-19 06:00:00,21.324975
2012-06-19 07:00:00,22.839975
2012-06-19 08:00:00,22.634375
2012-06-19 09:00:00,21.863175
2012-06-19 10:00:00,20.73195
2012-06-19 11:00:00,20.8278916667
2012-06-19 12:00:00,21.7544333333
2012-06-19 13:00:00,18.8770416667
2012-06-19 14:00:00,8.29771666667
2012-06-19 15:00:00,11.2747
2012-06-19 16:00:00,6.45286666667
2012-06-19 17:00:00,9.36405
2012-06-19 18:00:00,6.45105
2012-06-19 19:00:00,3.36896666667
2012-06-19 20:00:00,2.894725
2012-06-19 21:00:00,2.75769166667
2012-06-19 22:00:00,2.79239166667
2012-06-19 23:00:00,2.77960833333
2012-06-20 00:00:00,9.58245833333
2012-06-20 01:00:00,10.315275
2012-06-20 02:00:00,10.9302166667
2012-06-20 03:00:00,14.1676166667
2012-06-20 04:00:00,16.594525
2012-06-20 05:00:00,14.2169666667
2012-06-20 06:00:00,14.3202
2012-06-20 07:00:00,14.7378
2012-06-20 08:00:00,14.7122083333
2012-06-20 09:00:00,14.0734916667
2012-06-20 10:00:00,13.852375
2012-06-20 11:00:00,14.16395
2012-06-20 12:00:00,14.6646833333
2012-06-20 13:00:00,15.00735
2012-06-20 14:00:00,8.165225
2012-06-20 15:00:00,10.6606666667
2012-06-20 16:00:00,6.12391666667
2012-06-20 17:00:00,9.48558333333
2012-06-20 18:00:00,6.36696666667
2012-06-20 19:00:00,3.41100833333
2012-06-20 20:00:00,2.92764166667
2012-06-20 21:00:00,2.75586666667
2012-06-20 22:00:00,2.76773333333
2012-06-20 23:00:00,2.73390833333
2012-06-21 00:00:00,9.661025
2012-06-21 01:00:00,10.6195333333
2012-06-21 02:00:00,11.4610833333
2012-06-21 03:00:00,14.2069
2012-06-21 04:00:00,16.2829333333
2012-06-21 05:00:00,14.0104416667
2012-06-21 06:00:00,14.633625
2012-06-21 07:00:00,15.5491916667
2012-06-21 08:00:00,16.7653916667
2012-06-21 09:00:00,15.9585583333
2012-06-21 10:00:00,16.0142916667
2012-06-21 11:00:00,16.2811166667
2012-06-21 12:00:00,16.412675
2012-06-21 13:00:00,15.102375
2012-06-21 14:00:00,8.25841666667
2012-06-21 15:00:00,11.15955
2012-06-21 16:00:00,6.78821666667
2012-06-21 17:00:00,9.53584166667
2012-06-21 18:00:00,6.43641666667
2012-06-21 19:00:00,3.36440833333
2012-06-21 20:00:00,2.91484166667
2012-06-21 21:00:00,2.78783333333
2012-06-21 22:00:00,2.78144166667
2012-06-21 23:00:00,2.75035
2012-06-22 00:00:00,9.76885
2012-06-22 01:00:00,10.6652166667
2012-06-22 02:00:00,13.0555916667
2012-06-22 03:00:00,13.5490083333
2012-06-22 04:00:00,16.9115833333
2012-06-22 05:00:00,14.4198166667
2012-06-22 06:00:00,14.4700666667
2012-06-22 07:00:00,15.098725
2012-06-22 08:00:00,15.0402416667
2012-06-22 09:00:00,14.4463
2012-06-22 10:00:00,14.439
2012-06-22 11:00:00,14.9223583333
2012-06-22 12:00:00,15.2741583333
2012-06-22 13:00:00,14.9762833333
2012-06-22 14:00:00,8.02998333333
2012-06-22 15:00:00,10.16725
2012-06-22 16:00:00,6.81014166667
2012-06-22 17:00:00,9.40793333333
2012-06-22 18:00:00,6.33591666667
2012-06-22 19:00:00,3.25841666667
2012-06-22 20:00:00,2.80885833333
2012-06-22 21:00:00,2.68455833333
2012-06-22 22:00:00,2.66993333333
2012-06-22 23:00:00,2.67543333333
2012-06-23 00:00:00,2.67909166667
2012-06-23 01:00:00,2.66446666667
2012-06-23 02:00:00,2.80154166667
2012-06-23 03:00:00,2.66081666667
2012-06-23 04:00:00,1.94260833333
2012-06-23 05:00:00,20.5793666667
2012-06-23 06:00:00,13.8496166667
2012-06-23 07:00:00,12.7933333333
2012-06-23 08:00:00,12.6581
2012-06-23 09:00:00,11.9490416667
2012-06-23 10:00:00,2.850875
2012-06-23 11:00:00,1.864025
2012-06-23 12:00:00,1.89876666667
2012-06-23 13:00:00,1.86219166667
2012-06-23 14:00:00,1.86950833333
2012-06-23 15:00:00,1.87681666667
2012-06-23 16:00:00,2.28070833333
2012-06-23 17:00:00,2.799725
2012-06-23 18:00:00,2.80886666667
2012-06-23 19:00:00,2.81981666667
2012-06-23 20:00:00,2.8052
2012-06-23 21:00:00,2.68823333333
2012-06-23 22:00:00,2.6864
2012-06-23 23:00:00,2.664475
2012-06-24 00:00:00,2.68090833333
2012-06-24 01:00:00,2.679075
2012-06-24 02:00:00,2.807025
2012-06-24 03:00:00,2.64255
2012-06-24 04:00:00,1.95358333333
2012-06-24 05:00:00,1.8823
2012-06-24 06:00:00,1.92251666667
2012-06-24 07:00:00,1.88231666667
2012-06-24 08:00:00,1.90788333333
2012-06-24 09:00:00,1.876825
2012-06-24 10:00:00,1.96455
2012-06-24 11:00:00,1.90606666667
2012-06-24 12:00:00,1.864025
2012-06-24 13:00:00,1.88413333333
2012-06-24 14:00:00,1.85671666667
2012-06-24 15:00:00,1.87499166667
2012-06-24 16:00:00,2.28070833333
2012-06-24 17:00:00,2.807025
2012-06-24 18:00:00,2.84996666667
2012-06-24 19:00:00,2.79970833333
2012-06-24 20:00:00,2.81250833333
2012-06-24 21:00:00,2.66995
2012-06-24 22:00:00,2.65898333333
2012-06-24 23:00:00,2.66264166667
2012-06-25 00:00:00,10.9567083333
2012-06-25 01:00:00,11.6986583333
2012-06-25 02:00:00,14.1529916667
2012-06-25 03:00:00,12.4168833333
2012-06-25 04:00:00,17.5073416667
2012-06-25 05:00:00,16.2929916667
2012-06-25 06:00:00,17.0303666667
2012-06-25 07:00:00,17.5247
2012-06-25 08:00:00,17.4223666667
2012-06-25 09:00:00,16.3934916667
2012-06-25 10:00:00,16.03895
2012-06-25 11:00:00,16.1467833333
2012-06-25 12:00:00,16.163225
2012-06-25 13:00:00,16.0407916667
2012-06-25 14:00:00,8.337
2012-06-25 15:00:00,11.2427083333
2012-06-25 16:00:00,6.92618333333
2012-06-25 17:00:00,8.165225
2012-06-25 18:00:00,7.61241666667
2012-06-25 19:00:00,3.72078333333
2012-06-25 20:00:00,2.7924
2012-06-25 21:00:00,2.69189166667
2012-06-25 22:00:00,2.7056
2012-06-25 23:00:00,2.66995
2012-06-26 00:00:00,9.286375
2012-06-26 01:00:00,10.6533583333
2012-06-26 02:00:00,11.3980583333
2012-06-26 03:00:00,13.5572416667
2012-06-26 04:00:00,18.2337833333
2012-06-26 05:00:00,15.4797583333
2012-06-26 06:00:00,16.4209083333
2012-06-26 07:00:00,16.654825
2012-06-26 08:00:00,16.5195833333
2012-06-26 09:00:00,15.4651416667
2012-06-26 10:00:00,15.13435
2012-06-26 11:00:00,15.7657583333
2012-06-26 12:00:00,16.1550083333
2012-06-26 13:00:00,16.1869916667
2012-06-26 14:00:00,8.32879166667
2012-06-26 15:00:00,10.9293
2012-06-26 16:00:00,7.190275
2012-06-26 17:00:00,6.66211666667
2012-06-26 18:00:00,9.275425
2012-06-26 19:00:00,3.26208333333
2012-06-26 20:00:00,2.79058333333
2012-06-26 21:00:00,2.66813333333
2012-06-26 22:00:00,2.68091666667
2012-06-26 23:00:00,2.657175
2012-06-27 00:00:00,9.51209166667
2012-06-27 01:00:00,10.6972
2012-06-27 02:00:00,13.008075
2012-06-27 03:00:00,13.4101083333
2012-06-27 04:00:00,18.0528583333
2012-06-27 05:00:00,15.4852416667
2012-06-27 06:00:00,16.7270166667
2012-06-27 07:00:00,17.3538333333
2012-06-27 08:00:00,17.00205
2012-06-27 09:00:00,16.1997916667
2012-06-27 10:00:00,15.7995583333
2012-06-27 11:00:00,16.1586666667
2012-06-27 12:00:00,16.2902416667
2012-06-27 13:00:00,16.1084083333
2012-06-27 14:00:00,8.71803333333
2012-06-27 15:00:00,11.3770333333
2012-06-27 16:00:00,7.02395
2012-06-27 17:00:00,6.85856666667
2012-06-27 18:00:00,7.21858333333
2012-06-27 19:00:00,3.34705
2012-06-27 20:00:00,2.83445833333
2012-06-27 21:00:00,2.70466666667
2012-06-27 22:00:00,2.71198333333
2012-06-27 23:00:00,2.73391666667
2012-06-28 00:00:00,8.59741666667
2012-06-28 01:00:00,9.72773333333
2012-06-28 02:00:00,11.320375
2012-06-28 03:00:00,12.807975
2012-06-28 04:00:00,15.9064666667
2012-06-28 05:00:00,13.3552916667
2012-06-28 06:00:00,15.7547916667
2012-06-28 07:00:00,16.4921833333
2012-06-28 08:00:00,16.3816083333
2012-06-28 09:00:00,15.72645
2012-06-28 10:00:00,15.5400666667
2012-06-28 11:00:00,15.7748833333
2012-06-28 12:00:00,16.0618083333
2012-06-28 13:00:00,15.8059583333
2012-06-28 14:00:00,8.653175
2012-06-28 15:00:00,10.7602583333
2012-06-28 16:00:00,7.00385833333
2012-06-28 17:00:00,6.89238333333
2012-06-28 18:00:00,5.89364166667
2012-06-28 19:00:00,3.58463333333
2012-06-28 20:00:00,2.83079166667
2012-06-28 21:00:00,2.75401666667
2012-06-28 22:00:00,2.78873333333
2012-06-28 23:00:00,2.68455833333
2012-06-29 00:00:00,8.86880833333
2012-06-29 01:00:00,9.1356
2012-06-29 02:00:00,9.7122
2012-06-29 03:00:00,12.9587333333
2012-06-29 04:00:00,15.5473583333
2012-06-29 05:00:00,12.1583
2012-06-29 06:00:00,14.7962833333
2012-06-29 07:00:00,16.285675
2012-06-29 08:00:00,16.5387916667
2012-06-29 09:00:00,15.4413583333
2012-06-29 10:00:00,15.2047166667
2012-06-29 11:00:00,15.7410833333
2012-06-29 12:00:00,16.11845
2012-06-29 13:00:00,15.9457583333
2012-06-29 14:00:00,8.4631
2012-06-29 15:00:00,10.7693916667
2012-06-29 16:00:00,6.616425
2012-06-29 17:00:00,8.09121666667
2012-06-29 18:00:00,5.46145833333
2012-06-29 19:00:00,3.82675833333
2012-06-29 20:00:00,2.90205
2012-06-29 21:00:00,2.73940833333
2012-06-29 22:00:00,2.73574166667
2012-06-29 23:00:00,2.74305
2012-06-30 00:00:00,2.73019166667
2012-06-30 01:00:00,2.74854166667
2012-06-30 02:00:00,2.86549166667
2012-06-30 03:00:00,2.717475
2012-06-30 04:00:00,2.00580833333
2012-06-30 05:00:00,21.6027583333
2012-06-30 06:00:00,15.2851166667
2012-06-30 07:00:00,13.76375
2012-06-30 08:00:00,13.3653333333
2012-06-30 09:00:00,12.5567666667
2012-06-30 10:00:00,3.04825833333
2012-06-30 11:00:00,1.93530833333
2012-06-30 12:00:00,1.93714166667
2012-06-30 13:00:00,1.93896666667
2012-06-30 14:00:00,1.92250833333
2012-06-30 15:00:00,1.93530833333
2012-06-30 16:00:00,2.32455833333
2012-06-30 17:00:00,2.86368333333
2012-06-30 18:00:00,2.86003333333
2012-06-30 19:00:00,2.87464166667
2012-06-30 20:00:00,2.87099166667
2012-06-30 21:00:00,2.73939166667
2012-06-30 22:00:00,2.7321
2012-06-30 23:00:00,2.72478333333
2012-07-01 00:00:00,2.75951666667
2012-07-01 01:00:00,2.7394
2012-07-01 02:00:00,2.9121
2012-07-01 03:00:00,2.71565
2012-07-01 04:00:00,2.02303333333
2012-07-01 05:00:00,1.94079166667
2012-07-01 06:00:00,1.97916666667
2012-07-01 07:00:00,1.96819166667
2012-07-01 08:00:00,1.94993333333
2012-07-01 09:00:00,1.95359166667
2012-07-01 10:00:00,1.95724166667
2012-07-01 11:00:00,1.95724166667
2012-07-01 12:00:00,1.94810833333
2012-07-01 13:00:00,1.92068333333
2012-07-01 14:00:00,1.92068333333
2012-07-01 15:00:00,1.96636666667
2012-07-01 16:00:00,2.30081666667
2012-07-01 17:00:00,2.8436
2012-07-01 18:00:00,2.8509
2012-07-01 19:00:00,2.86915833333
2012-07-01 20:00:00,2.8582
2012-07-01 21:00:00,2.75220833333
2012-07-01 22:00:00,2.72295
2012-07-01 23:00:00,2.71748333333
2012-07-02 00:00:00,10.45325
2012-07-02 01:00:00,11.6630416667
2012-07-02 02:00:00,12.3620583333
2012-07-02 03:00:00,10.106025
2012-07-02 04:00:00,16.3688166667
2012-07-02 05:00:00,14.5705583333
2012-07-02 06:00:00,14.394225
2012-07-02 07:00:00,15.5437166667
2012-07-02 08:00:00,17.3913166667
2012-07-02 09:00:00,17.0267166667
2012-07-02 10:00:00,16.4419166667
2012-07-02 11:00:00,16.335925
2012-07-02 12:00:00,16.5597916667
2012-07-02 13:00:00,16.4008
2012-07-02 14:00:00,8.85326666667
2012-07-02 15:00:00,11.5871916667
2012-07-02 16:00:00,6.31945
2012-07-02 17:00:00,8.5225
2012-07-02 18:00:00,5.42946666667
2012-07-02 19:00:00,3.37445833333
2012-07-02 20:00:00,2.83994166667
2012-07-02 21:00:00,2.763175
2012-07-02 22:00:00,2.73026666667
2012-07-02 23:00:00,2.70466666667
2012-07-03 00:00:00,8.77194166667
2012-07-03 01:00:00,9.75970833333
2012-07-03 02:00:00,11.2372416667
2012-07-03 03:00:00,13.0345583333
2012-07-03 04:00:00,16.02525
2012-07-03 05:00:00,12.742175
2012-07-03 06:00:00,13.3918416667
2012-07-03 07:00:00,14.905
2012-07-03 08:00:00,16.1531666667
2012-07-03 09:00:00,16.2728916667
2012-07-03 10:00:00,16.090125
2012-07-03 11:00:00,16.0545
2012-07-03 12:00:00,16.3112583333
2012-07-03 13:00:00,15.5647166667
2012-07-03 14:00:00,8.25203333333
2012-07-03 15:00:00,10.3764916667
2012-07-03 16:00:00,5.8772
2012-07-03 17:00:00,8.56818333333
2012-07-03 18:00:00,5.572025
2012-07-03 19:00:00,3.40460833333
2012-07-03 20:00:00,2.90570833333
2012-07-03 21:00:00,2.78509166667
2012-07-03 22:00:00,2.78691666667
2012-07-03 23:00:00,2.77411666667
2012-07-04 00:00:00,2.73758333333
2012-07-04 01:00:00,2.74489166667
2012-07-04 02:00:00,2.86001666667
2012-07-04 03:00:00,2.71199166667
2012-07-04 04:00:00,2.01023333333
2012-07-04 05:00:00,1.97185
2012-07-04 06:00:00,1.95175833333
2012-07-04 07:00:00,1.94811666667
2012-07-04 08:00:00,1.96455
2012-07-04 09:00:00,1.946275
2012-07-04 10:00:00,1.93713333333
2012-07-04 11:00:00,1.9609
2012-07-04 12:00:00,1.94261666667
2012-07-04 13:00:00,1.94261666667
2012-07-04 14:00:00,1.97735
2012-07-04 15:00:00,1.962725
2012-07-04 16:00:00,1.95543333333
2012-07-04 17:00:00,2.331875
2012-07-04 18:00:00,2.90021666667
2012-07-04 19:00:00,2.87829166667
2012-07-04 20:00:00,2.894725
2012-07-04 21:00:00,2.77048333333
2012-07-04 22:00:00,2.732075
2012-07-04 23:00:00,2.74305833333
2012-07-05 00:00:00,9.847425
2012-07-05 01:00:00,10.5957833333
2012-07-05 02:00:00,11.76355
2012-07-05 03:00:00,13.5654583333
2012-07-05 04:00:00,17.4077416667
2012-07-05 05:00:00,12.8737583333
2012-07-05 06:00:00,12.8235
2012-07-05 07:00:00,12.9413583333
2012-07-05 08:00:00,14.3065083333
2012-07-05 09:00:00,15.1900833333
2012-07-05 10:00:00,15.4651333333
2012-07-05 11:00:00,15.4961916667
2012-07-05 12:00:00,14.94155
2012-07-05 13:00:00,14.3110583333
2012-07-05 14:00:00,7.82165833333
2012-07-05 15:00:00,10.1699666667
2012-07-05 16:00:00,5.84705833333
2012-07-05 17:00:00,8.8423
2012-07-05 18:00:00,5.21473333333
2012-07-05 19:00:00,3.36623333333
2012-07-05 20:00:00,2.85820833333
2012-07-05 21:00:00,2.75039166667
2012-07-05 22:00:00,2.83353333333
2012-07-05 23:00:00,2.746725
2012-07-06 00:00:00,8.61204166667
2012-07-06 01:00:00,8.96475
2012-07-06 02:00:00,10.4961916667
2012-07-06 03:00:00,11.9993083333
2012-07-06 04:00:00,15.9055583333
2012-07-06 05:00:00,12.2350333333
2012-07-06 06:00:00,12.5384
2012-07-06 07:00:00,13.387275
2012-07-06 08:00:00,15.4687833333
2012-07-06 09:00:00,15.462375
2012-07-06 10:00:00,15.244
2012-07-06 11:00:00,15.1288666667
2012-07-06 12:00:00,15.3637
2012-07-06 13:00:00,15.2001333333
2012-07-06 14:00:00,8.27395833333
2012-07-06 15:00:00,10.46695
2012-07-06 16:00:00,6.44645833333
2012-07-06 17:00:00,7.84905833333
2012-07-06 18:00:00,5.393825
2012-07-06 19:00:00,3.8094
2012-07-06 20:00:00,2.8308
2012-07-06 21:00:00,2.69188333333
2012-07-06 22:00:00,2.750375
2012-07-06 23:00:00,2.68456666667
2012-07-07 00:00:00,2.679075
2012-07-07 01:00:00,2.69554166667
2012-07-07 02:00:00,2.82255833333
2012-07-07 03:00:00,2.67910833333
2012-07-07 04:00:00,1.99014166667
2012-07-07 05:00:00,19.2653916667
2012-07-07 06:00:00,11.9508833333
2012-07-07 07:00:00,11.6977583333
2012-07-07 08:00:00,12.6425666667
2012-07-07 09:00:00,12.0669333333
2012-07-07 10:00:00,2.966925
2012-07-07 11:00:00,1.91703333333
2012-07-07 12:00:00,1.88415
2012-07-07 13:00:00,1.91703333333
2012-07-07 14:00:00,1.912475
2012-07-07 15:00:00,1.896925
2012-07-07 16:00:00,2.255125
2012-07-07 17:00:00,2.80701666667
2012-07-07 18:00:00,2.82165833333
2012-07-07 19:00:00,2.81981666667
2012-07-07 20:00:00,2.83444166667
2012-07-07 21:00:00,2.691875
2012-07-07 22:00:00,2.70100833333
2012-07-07 23:00:00,2.67725
2012-07-08 00:00:00,2.6736
2012-07-08 01:00:00,2.6992
2012-07-08 02:00:00,2.80521666667
2012-07-08 03:00:00,2.673625
2012-07-08 04:00:00,1.982825
2012-07-08 05:00:00,1.91705
2012-07-08 06:00:00,1.90059166667
2012-07-08 07:00:00,1.94994166667
2012-07-08 08:00:00,1.91885833333
2012-07-08 09:00:00,1.88964166667
2012-07-08 10:00:00,1.926175
2012-07-08 11:00:00,1.942625
2012-07-08 12:00:00,1.92434166667
2012-07-08 13:00:00,1.909725
2012-07-08 14:00:00,1.87865833333
2012-07-08 15:00:00,1.902425
2012-07-08 16:00:00,2.28619166667
2012-07-08 17:00:00,2.81615
2012-07-08 18:00:00,2.82530833333
2012-07-08 19:00:00,2.828975
2012-07-08 20:00:00,2.83993333333
2012-07-08 21:00:00,2.72021666667
2012-07-08 22:00:00,2.69370833333
2012-07-08 23:00:00,2.68638333333
2012-07-09 00:00:00,10.2805416667
2012-07-09 01:00:00,11.5214
2012-07-09 02:00:00,12.04865
2012-07-09 03:00:00,9.96439166667
2012-07-09 04:00:00,15.5820833333
2012-07-09 05:00:00,14.9342583333
2012-07-09 06:00:00,16.4035416667
2012-07-09 07:00:00,17.1619666667
2012-07-09 08:00:00,17.1683416667
2012-07-09 09:00:00,16.5397083333
2012-07-09 10:00:00,16.45745
2012-07-09 11:00:00,16.494925
2012-07-09 12:00:00,16.9773916667
2012-07-09 13:00:00,16.7416416667
2012-07-09 14:00:00,8.8889
2012-07-09 15:00:00,11.939
2012-07-09 16:00:00,6.83115833333
2012-07-09 17:00:00,7.27068333333
2012-07-09 18:00:00,5.88085833333
2012-07-09 19:00:00,3.42745
2012-07-09 20:00:00,2.81250833333
2012-07-09 21:00:00,2.75036666667
2012-07-09 22:00:00,2.73024166667
2012-07-09 23:00:00,2.68824166667
2012-07-10 00:00:00,9.04516666667
2012-07-10 01:00:00,11.366975
2012-07-10 02:00:00,12.0413166667
2012-07-10 03:00:00,12.9605583333
2012-07-10 04:00:00,16.4391833333
2012-07-10 05:00:00,13.623
2012-07-10 06:00:00,16.4793916667
2012-07-10 07:00:00,17.7421916667
2012-07-10 08:00:00,17.8993333333
2012-07-10 09:00:00,17.8344583333
2012-07-10 10:00:00,17.2825583333
2012-07-10 11:00:00,17.6297916667
2012-07-10 12:00:00,18.2017916667
2012-07-10 13:00:00,17.9687833333
2012-07-10 14:00:00,9.31014166667
2012-07-10 15:00:00,12.0257916667
2012-07-10 16:00:00,6.7078
2012-07-10 17:00:00,7.90846666667
2012-07-10 18:00:00,5.82146666667
2012-07-10 19:00:00,3.30501666667
2012-07-10 20:00:00,2.794225
2012-07-10 21:00:00,2.691875
2012-07-10 22:00:00,2.75766666667
2012-07-10 23:00:00,2.66813333333
2012-07-11 00:00:00,8.95744166667
2012-07-11 01:00:00,8.74635833333
2012-07-11 02:00:00,12.44885
2012-07-11 03:00:00,13.13965
2012-07-11 04:00:00,16.834825
2012-07-11 05:00:00,15.28055
2012-07-11 06:00:00,17.5777083333
2012-07-11 07:00:00,17.8600583333
2012-07-11 08:00:00,18.0702166667
2012-07-11 09:00:00,17.9057333333
2012-07-11 10:00:00,17.182975
2012-07-11 11:00:00,17.3364916667
2012-07-11 12:00:00,17.9715416667
2012-07-11 13:00:00,17.340125
2012-07-11 14:00:00,13.6723583333
2012-07-11 15:00:00,8.91083333333
2012-07-11 16:00:00,7.7979
2012-07-11 17:00:00,5.86991666667
2012-07-11 18:00:00,8.37264166667
2012-07-11 19:00:00,3.29588333333
2012-07-11 20:00:00,2.83991666667
2012-07-11 21:00:00,2.717475
2012-07-11 22:00:00,2.74670833333
2012-07-11 23:00:00,2.66811666667
2012-07-12 00:00:00,8.38269166667
2012-07-12 01:00:00,9.47003333333
2012-07-12 02:00:00,12.6508083333
2012-07-12 03:00:00,12.7202333333
2012-07-12 04:00:00,16.4336916667
2012-07-12 05:00:00,14.3174666667
2012-07-12 06:00:00,15.012825
2012-07-12 07:00:00,15.1709083333
2012-07-12 08:00:00,15.7219
2012-07-12 09:00:00,17.09525
2012-07-12 10:00:00,16.1888333333
2012-07-12 11:00:00,17.9971083333
2012-07-12 12:00:00,17.0550416667
2012-07-12 13:00:00,14.842875
2012-07-12 14:00:00,11.7133
2012-07-12 15:00:00,8.59925833333
2012-07-12 16:00:00,6.85948333333
2012-07-12 17:00:00,5.837925
2012-07-12 18:00:00,8.65956666667
2012-07-12 19:00:00,3.68968333333
2012-07-12 20:00:00,2.76864166667
2012-07-12 21:00:00,2.73576666667
2012-07-12 22:00:00,2.65718333333
2012-07-12 23:00:00,2.6389
2012-07-13 00:00:00,8.12319166667
2012-07-13 01:00:00,8.580075
2012-07-13 02:00:00,13.3288
2012-07-13 03:00:00,12.2962666667
2012-07-13 04:00:00,16.9536083333
2012-07-13 05:00:00,14.40885
2012-07-13 06:00:00,14.80815
2012-07-13 07:00:00,15.321675
2012-07-13 08:00:00,15.3481666667
2012-07-13 09:00:00,15.7794583333
2012-07-13 10:00:00,17.3172916667
2012-07-13 11:00:00,17.8856333333
2012-07-13 12:00:00,19.0908666667
2012-07-13 13:00:00,18.0665666667
2012-07-13 14:00:00,14.5614333333
2012-07-13 15:00:00,9.3138
2012-07-13 16:00:00,7.246925
2012-07-13 17:00:00,6.97004166667
2012-07-13 18:00:00,5.76299166667
2012-07-13 19:00:00,3.83773333333
2012-07-13 20:00:00,2.75401666667
2012-07-13 21:00:00,2.62976666667
2012-07-13 22:00:00,2.61515
2012-07-13 23:00:00,2.64620833333
2012-07-14 00:00:00,2.609675
2012-07-14 01:00:00,2.60600833333
2012-07-14 02:00:00,2.74304166667
2012-07-14 03:00:00,2.58955833333
2012-07-14 04:00:00,1.90058333333
2012-07-14 05:00:00,22.8143916667
2012-07-14 06:00:00,15.9740833333
2012-07-14 07:00:00,15.1489666667
2012-07-14 08:00:00,15.6369083333
2012-07-14 09:00:00,14.5641916667
2012-07-14 10:00:00,3.1442
2012-07-14 11:00:00,1.86769166667
2012-07-14 12:00:00,1.81653333333
2012-07-14 13:00:00,1.83113333333
2012-07-14 14:00:00,8.95651666667
2012-07-14 15:00:00,8.038225
2012-07-14 16:00:00,2.67908333333
2012-07-14 17:00:00,2.76134166667
2012-07-14 18:00:00,2.754025
2012-07-14 19:00:00,2.76865
2012-07-14 20:00:00,2.77961666667
2012-07-14 21:00:00,2.64255833333
2012-07-14 22:00:00,2.629775
2012-07-14 23:00:00,2.63340833333
2012-07-15 00:00:00,2.62065
2012-07-15 01:00:00,2.660825
2012-07-15 02:00:00,2.746725
2012-07-15 03:00:00,2.60600833333
2012-07-15 04:00:00,1.90241666667
2012-07-15 05:00:00,1.89144166667
2012-07-15 06:00:00,2.45979166667
2012-07-15 07:00:00,2.04313333333
2012-07-15 08:00:00,1.87683333333
2012-07-15 09:00:00,1.856725
2012-07-15 10:00:00,1.89693333333
2012-07-15 11:00:00,1.84760833333
2012-07-15 12:00:00,1.83845
2012-07-15 13:00:00,1.85124166667
2012-07-15 14:00:00,1.82931666667
2012-07-15 15:00:00,1.82749166667
2012-07-15 16:00:00,2.218575
2012-07-15 17:00:00,2.76134166667
2012-07-15 18:00:00,2.768675
2012-07-15 19:00:00,2.77414166667
2012-07-15 20:00:00,2.77230833333
2012-07-15 21:00:00,2.64439166667
2012-07-15 22:00:00,2.65535
2012-07-15 23:00:00,2.64073333333
2012-07-16 00:00:00,9.5669
2012-07-16 01:00:00,11.7077916667
2012-07-16 02:00:00,11.8640583333
2012-07-16 03:00:00,9.930575
2012-07-16 04:00:00,16.7297583333
2012-07-16 05:00:00,15.5455333333
2012-07-16 06:00:00,17.1893583333
2012-07-16 07:00:00,17.615175
2012-07-16 08:00:00,17.21585
2012-07-16 09:00:00,16.5067833333
2012-07-16 10:00:00,16.0170416667
2012-07-16 11:00:00,16.0745916667
2012-07-16 12:00:00,12.9806666667
2012-07-16 13:00:00,17.2944416667
2012-07-16 14:00:00,12.963275
2012-07-16 15:00:00,8.73721666667
2012-07-16 16:00:00,6.35235833333
2012-07-16 17:00:00,5.90279166667
2012-07-16 18:00:00,8.63305833333
2012-07-16 19:00:00,3.23831666667
2012-07-16 20:00:00,2.75585
2012-07-16 21:00:00,2.65353333333
2012-07-16 22:00:00,2.63343333333
2012-07-16 23:00:00,2.64074166667
2012-07-17 00:00:00,8.26299166667
2012-07-17 01:00:00,9.63635
2012-07-17 02:00:00,12.5347583333
2012-07-17 03:00:00,12.443375
2012-07-17 04:00:00,16.7745166667
2012-07-17 05:00:00,14.697575
2012-07-17 06:00:00,15.8333666667
2012-07-17 07:00:00,17.5886833333
2012-07-17 08:00:00,17.193025
2012-07-17 09:00:00,15.8205666667
2012-07-17 10:00:00,15.5163083333
2012-07-17 11:00:00,15.8132583333
2012-07-17 12:00:00,16.049
2012-07-17 13:00:00,15.876325
2012-07-17 14:00:00,12.2533083333
2012-07-17 15:00:00,8.93185
2012-07-17 16:00:00,7.09524166667
2012-07-17 17:00:00,5.65150833333
2012-07-17 18:00:00,6.045325
2012-07-17 19:00:00,3.19353333333
2012-07-17 20:00:00,2.76316666667
2012-07-17 21:00:00,2.64620833333
2012-07-17 22:00:00,2.62975
2012-07-17 23:00:00,2.65353333333
2012-07-18 00:00:00,8.70525
2012-07-18 01:00:00,9.20505
2012-07-18 02:00:00,10.6296
2012-07-18 03:00:00,10.4697
2012-07-18 04:00:00,16.6995916667
2012-07-18 05:00:00,13.36625
2012-07-18 06:00:00,14.7770833333
2012-07-18 07:00:00,17.658125
2012-07-18 08:00:00,18.1588333333
2012-07-18 09:00:00,17.3967916667
2012-07-18 10:00:00,16.8311666667
2012-07-18 11:00:00,16.3404916667
2012-07-18 12:00:00,16.8457916667
2012-07-18 13:00:00,16.7672166667
2012-07-18 14:00:00,13.3041333333
2012-07-18 15:00:00,9.46456666667
2012-07-18 16:00:00,7.47716666667
2012-07-18 17:00:00,5.9631
2012-07-18 18:00:00,8.90719166667
2012-07-18 19:00:00,3.305925
2012-07-18 20:00:00,2.83445
2012-07-18 21:00:00,2.72295
2012-07-18 22:00:00,2.71565
2012-07-18 23:00:00,2.69553333333
2012-07-19 00:00:00,8.33609166667
2012-07-19 01:00:00,9.82915
2012-07-19 02:00:00,12.4470333333
2012-07-19 03:00:00,12.71475
2012-07-19 04:00:00,17.808875
2012-07-19 05:00:00,17.5055416667
2012-07-19 06:00:00,19.20325
2012-07-19 07:00:00,21.5607166667
2012-07-19 08:00:00,21.0481
2012-07-19 09:00:00,19.735975
2012-07-19 10:00:00,18.7838583333
2012-07-19 11:00:00,18.7034416667
2012-07-19 12:00:00,18.4028166667
2012-07-19 13:00:00,17.871025
2012-07-19 14:00:00,14.1666916667
2012-07-19 15:00:00,10.0420416667
2012-07-19 16:00:00,7.03309166667
2012-07-19 17:00:00,6.70416666667
2012-07-19 18:00:00,7.36386666667
2012-07-19 19:00:00,3.27851666667
2012-07-19 20:00:00,2.81615833333
2012-07-19 21:00:00,2.70284166667
2012-07-19 22:00:00,2.68455833333
2012-07-19 23:00:00,2.67544166667
2012-07-20 00:00:00,8.664125
2012-07-20 01:00:00,10.230275
2012-07-20 02:00:00,12.7302916667
2012-07-20 03:00:00,13.1369083333
2012-07-20 04:00:00,18.9602083333
2012-07-20 05:00:00,18.7674083333
2012-07-20 06:00:00,20.8187583333
2012-07-20 07:00:00,21.3523833333
2012-07-20 08:00:00,21.0417333333
2012-07-20 09:00:00,19.8118083333
2012-07-20 10:00:00,19.2114916667
2012-07-20 11:00:00,13.0327416667
2012-07-20 12:00:00,22.647175
2012-07-20 13:00:00,19.3576916667
2012-07-20 14:00:00,14.7249833333
2012-07-20 15:00:00,9.65096666667
2012-07-20 16:00:00,7.17748333333
2012-07-20 17:00:00,6.8001
2012-07-20 18:00:00,7.034925
2012-07-20 19:00:00,3.27120833333
2012-07-20 20:00:00,2.7467
2012-07-20 21:00:00,2.62428333333
2012-07-20 22:00:00,2.83808333333
2012-07-20 23:00:00,2.63066666667
2012-07-21 00:00:00,2.6115
2012-07-21 01:00:00,2.61331666667
2012-07-21 02:00:00,2.74853333333
2012-07-21 03:00:00,2.59685
2012-07-21 04:00:00,1.94260833333
2012-07-21 05:00:00,22.8509333333
2012-07-21 06:00:00,18.9711666667
2012-07-21 07:00:00,16.1833166667
2012-07-21 08:00:00,15.60585
2012-07-21 09:00:00,14.6574
2012-07-21 10:00:00,3.18165
2012-07-21 11:00:00,1.92069166667
2012-07-21 12:00:00,1.807375
2012-07-21 13:00:00,1.82748333333
2012-07-21 14:00:00,1.80005
2012-07-21 15:00:00,1.807375
2012-07-21 16:00:00,2.20028333333
2012-07-21 17:00:00,2.73208333333
2012-07-21 18:00:00,2.74855
2012-07-21 19:00:00,2.75218333333
2012-07-21 20:00:00,2.77779166667
2012-07-21 21:00:00,2.61515833333
2012-07-21 22:00:00,2.62245833333
2012-07-21 23:00:00,2.61514166667
2012-07-22 00:00:00,2.64071666667
2012-07-22 01:00:00,2.63159166667
2012-07-22 02:00:00,2.74124166667
2012-07-22 03:00:00,2.62700833333
2012-07-22 04:00:00,1.91885
2012-07-22 05:00:00,1.86585833333
2012-07-22 06:00:00,1.82566666667
2012-07-22 07:00:00,1.851225
2012-07-22 08:00:00,1.83843333333
2012-07-22 09:00:00,1.823825
2012-07-22 10:00:00,1.85855833333
2012-07-22 11:00:00,1.8677
2012-07-22 12:00:00,1.82199166667
2012-07-22 13:00:00,1.8494
2012-07-22 14:00:00,1.82016666667
2012-07-22 15:00:00,1.8165
2012-07-22 16:00:00,2.17835833333
2012-07-22 17:00:00,2.748525
2012-07-22 18:00:00,2.754025
2012-07-22 19:00:00,2.754025
2012-07-22 20:00:00,2.75585
2012-07-22 21:00:00,2.622475
2012-07-22 22:00:00,2.60783333333
2012-07-22 23:00:00,2.640725
2012-07-23 00:00:00,11.1550083333
2012-07-23 01:00:00,13.231025
2012-07-23 02:00:00,11.9929
2012-07-23 03:00:00,10.7401666667
2012-07-23 04:00:00,20.1773083333
2012-07-23 05:00:00,17.4424833333
2012-07-23 06:00:00,17.3501833333
2012-07-23 07:00:00,18.8158333333
2012-07-23 08:00:00,19.9945583333
2012-07-23 09:00:00,19.4326083333
2012-07-23 10:00:00,18.5617916667
2012-07-23 11:00:00,18.319675
2012-07-23 12:00:00,18.3123583333
2012-07-23 13:00:00,17.9514333333
2012-07-23 14:00:00,14.2416333333
2012-07-23 15:00:00,9.51756666667
2012-07-23 16:00:00,6.41905833333
2012-07-23 17:00:00,7.835375
2012-07-23 18:00:00,5.758425
2012-07-23 19:00:00,3.23284166667
2012-07-23 20:00:00,2.765
2012-07-23 21:00:00,2.65716666667
2012-07-23 22:00:00,2.65169166667
2012-07-23 23:00:00,2.650775
2012-07-24 00:00:00,9.09540833333
2012-07-24 01:00:00,11.0426083333
2012-07-24 02:00:00,13.12685
2012-07-24 03:00:00,11.4857583333
2012-07-24 04:00:00,16.1285083333
2012-07-24 05:00:00,14.3668
2012-07-24 06:00:00,15.577525
2012-07-24 07:00:00,18.1095
2012-07-24 08:00:00,18.6742083333
2012-07-24 09:00:00,17.9633166667
2012-07-24 10:00:00,17.2487583333
2012-07-24 11:00:00,17.1418583333
2012-07-24 12:00:00,17.2451083333
2012-07-24 13:00:00,17.204
2012-07-24 14:00:00,13.2858416667
2012-07-24 15:00:00,8.96839166667
2012-07-24 16:00:00,6.70964166667
2012-07-24 17:00:00,8.40095833333
2012-07-24 18:00:00,4.904975
2012-07-24 19:00:00,3.82491666667
2012-07-24 20:00:00,2.7467
2012-07-24 21:00:00,2.64255833333
2012-07-24 22:00:00,2.64073333333
2012-07-24 23:00:00,2.65351666667
2012-07-25 00:00:00,8.487775
2012-07-25 01:00:00,9.4865
2012-07-25 02:00:00,12.637075
2012-07-25 03:00:00,12.403175
2012-07-25 04:00:00,15.880875
2012-07-25 05:00:00,14.0844666667
2012-07-25 06:00:00,15.6753
2012-07-25 07:00:00,17.0322
2012-07-25 08:00:00,17.4132333333
2012-07-25 09:00:00,16.735225
2012-07-25 10:00:00,16.5067833333
2012-07-25 11:00:00,16.5908666667
2012-07-25 12:00:00,16.7425333333
2012-07-25 13:00:00,16.409025
2012-07-25 14:00:00,12.513725
2012-07-25 15:00:00,8.82220833333
2012-07-25 16:00:00,7.1062
2012-07-25 17:00:00,5.82513333333
2012-07-25 18:00:00,7.48905833333
2012-07-25 19:00:00,3.29313333333
2012-07-25 20:00:00,2.7997
2012-07-25 21:00:00,2.701025
2012-07-25 22:00:00,2.69369166667
2012-07-25 23:00:00,2.70284166667
2012-07-26 00:00:00,8.3635
2012-07-26 01:00:00,9.66195
2012-07-26 02:00:00,12.5119166667
2012-07-26 03:00:00,12.6060166667
2012-07-26 04:00:00,16.4976583333
2012-07-26 05:00:00,14.3622416667
2012-07-26 06:00:00,16.2838333333
2012-07-26 07:00:00,17.0961583333
2012-07-26 08:00:00,16.68315
2012-07-26 09:00:00,16.47665
2012-07-26 10:00:00,16.0499416667
2012-07-26 11:00:00,16.3331916667
2012-07-26 12:00:00,16.5945166667
2012-07-26 13:00:00,16.1540833333
2012-07-26 14:00:00,12.5539333333
2012-07-26 15:00:00,8.95743333333
2012-07-26 16:00:00,7.377575
2012-07-26 17:00:00,5.93203333333
2012-07-26 18:00:00,6.08005833333
2012-07-26 19:00:00,3.57275
2012-07-26 20:00:00,2.8125
2012-07-26 21:00:00,2.72478333333
2012-07-26 22:00:00,2.70923333333
2012-07-26 23:00:00,2.68090833333
2012-07-27 00:00:00,8.84960833333
2012-07-27 01:00:00,9.22975
2012-07-27 02:00:00,9.974425
2012-07-27 03:00:00,12.9971
2012-07-27 04:00:00,16.4739083333
2012-07-27 05:00:00,13.2246416667
2012-07-27 06:00:00,15.2604583333
2012-07-27 07:00:00,16.601825
2012-07-27 08:00:00,16.637475
2012-07-27 09:00:00,16.2070916667
2012-07-27 10:00:00,15.4706
2012-07-27 11:00:00,15.90555
2012-07-27 12:00:00,16.0188583333
2012-07-27 13:00:00,15.5254333333
2012-07-27 14:00:00,12.060525
2012-07-27 15:00:00,8.78658333333
2012-07-27 16:00:00,6.14035
2012-07-27 17:00:00,8.63945833333
2012-07-27 18:00:00,4.901325
2012-07-27 19:00:00,3.22004166667
2012-07-27 20:00:00,2.7723
2012-07-27 21:00:00,2.63343333333
2012-07-27 22:00:00,2.63708333333
2012-07-27 23:00:00,2.62611666667
2012-07-28 00:00:00,2.62063333333
2012-07-28 01:00:00,2.6188
2012-07-28 02:00:00,2.79241666667
2012-07-28 03:00:00,2.60783333333
2012-07-28 04:00:00,1.89145833333
2012-07-28 05:00:00,20.2330416667
2012-07-28 06:00:00,14.7067333333
2012-07-28 07:00:00,13.8368333333
2012-07-28 08:00:00,13.441175
2012-07-28 09:00:00,12.8390416667
2012-07-28 10:00:00,8.1031
2012-07-28 11:00:00,7.105275
2012-07-28 12:00:00,6.190625
2012-07-28 13:00:00,6.81928333333
2012-07-28 14:00:00,6.15040833333
2012-07-28 15:00:00,5.86166666667
2012-07-28 16:00:00,3.29130833333
2012-07-28 17:00:00,2.7723
2012-07-28 18:00:00,2.76680833333
2012-07-28 19:00:00,2.78601666667
2012-07-28 20:00:00,2.76135833333
2012-07-28 21:00:00,2.66449166667
2012-07-28 22:00:00,2.63341666667
2012-07-28 23:00:00,2.62429166667
2012-07-29 00:00:00,2.63708333333
2012-07-29 01:00:00,2.63343333333
2012-07-29 02:00:00,2.76499166667
2012-07-29 03:00:00,2.60600833333
2012-07-29 04:00:00,1.91155833333
2012-07-29 05:00:00,1.84575
2012-07-29 06:00:00,1.869525
2012-07-29 07:00:00,1.86404166667
2012-07-29 08:00:00,1.8421
2012-07-29 09:00:00,1.83114166667
2012-07-29 10:00:00,1.86403333333
2012-07-29 11:00:00,1.87134166667
2012-07-29 12:00:00,1.83664166667
2012-07-29 13:00:00,1.83113333333
2012-07-29 14:00:00,1.82565
2012-07-29 15:00:00,1.81103333333
2012-07-29 16:00:00,2.22586666667
2012-07-29 17:00:00,2.770475
2012-07-29 18:00:00,2.7723
2012-07-29 19:00:00,2.75219166667
2012-07-29 20:00:00,2.76865
2012-07-29 21:00:00,2.663575
2012-07-29 22:00:00,2.622475
2012-07-29 23:00:00,2.63525
2012-07-30 00:00:00,9.79351666667
2012-07-30 01:00:00,12.346525
2012-07-30 02:00:00,12.5310916667
2012-07-30 03:00:00,9.97900833333
2012-07-30 04:00:00,17.4927416667
2012-07-30 05:00:00,15.8534583333
2012-07-30 06:00:00,18.6449583333
2012-07-30 07:00:00,21.3843666667
2012-07-30 08:00:00,21.53515
2012-07-30 09:00:00,20.98415
2012-07-30 10:00:00,20.7383416667
2012-07-30 11:00:00,20.6542833333
2012-07-30 12:00:00,19.4490666667
2012-07-30 13:00:00,18.698875
2012-07-30 14:00:00,13.2968083333
2012-07-30 15:00:00,8.98941666667
2012-07-30 16:00:00,7.38763333333
2012-07-30 17:00:00,6.42546666667
2012-07-30 18:00:00,8.90535
2012-07-30 19:00:00,3.24655
2012-07-30 20:00:00,2.76134166667
2012-07-30 21:00:00,2.66448333333
2012-07-30 22:00:00,2.62245833333
2012-07-30 23:00:00,2.62246666667
2012-07-31 00:00:00,8.478625
2012-07-31 01:00:00,10.1379916667
2012-07-31 02:00:00,13.4256583333
2012-07-31 03:00:00,11.1723583333
2012-07-31 04:00:00,16.4337
2012-07-31 05:00:00,15.1901083333
2012-07-31 06:00:00,17.034025
2012-07-31 07:00:00,18.9711583333
2012-07-31 08:00:00,19.8273416667
2012-07-31 09:00:00,19.48835
2012-07-31 10:00:00,18.6760166667
2012-07-31 11:00:00,18.3900083333
2012-07-31 12:00:00,18.08025
2012-07-31 13:00:00,18.0318416667
2012-07-31 14:00:00,13.6211916667
2012-07-31 15:00:00,9.185875
2012-07-31 16:00:00,7.91850833333
2012-07-31 17:00:00,6.335
2012-07-31 18:00:00,6.07091666667
2012-07-31 19:00:00,3.2502
2012-07-31 20:00:00,2.73391666667
2012-07-31 21:00:00,2.64620833333
2012-07-31 22:00:00,2.63250833333
2012-07-31 23:00:00,2.64439166667
2012-08-01 00:00:00,9.10729166667
2012-08-01 01:00:00,9.53859166667
2012-08-01 02:00:00,12.5923083333
2012-08-01 03:00:00,12.6133333333
2012-08-01 04:00:00,17.0148416667
2012-08-01 05:00:00,15.2275583333
2012-08-01 06:00:00,18.1725583333
2012-08-01 07:00:00,19.4746416667
2012-08-01 08:00:00,19.7469416667
2012-08-01 09:00:00,18.6257666667
2012-08-01 10:00:00,18.3991583333
2012-08-01 11:00:00,18.589225
2012-08-01 12:00:00,18.7537083333
2012-08-01 13:00:00,17.8372166667
2012-08-01 14:00:00,14.5413416667
2012-08-01 15:00:00,9.205975
2012-08-01 16:00:00,7.121725
2012-08-01 17:00:00,5.91010833333
2012-08-01 18:00:00,8.909025
2012-08-01 19:00:00,3.40826666667
2012-08-01 20:00:00,2.75950833333
2012-08-01 21:00:00,2.62245
2012-08-01 22:00:00,2.67544166667
2012-08-01 23:00:00,2.65535
2012-08-02 00:00:00,8.17618333333
2012-08-02 01:00:00,10.4587166667
2012-08-02 02:00:00,12.8609416667
2012-08-02 03:00:00,12.3401166667
2012-08-02 04:00:00,16.5753416667
2012-08-02 05:00:00,15.1069333333
2012-08-02 06:00:00,17.767775
2012-08-02 07:00:00,19.9379083333
2012-08-02 08:00:00,19.5449916667
2012-08-02 09:00:00,18.835025
2012-08-02 10:00:00,18.1232083333
2012-08-02 11:00:00,18.503325
2012-08-02 12:00:00,18.2566166667
2012-08-02 13:00:00,17.4104916667
2012-08-02 14:00:00,13.6906333333
2012-08-02 15:00:00,9.21054166667
2012-08-02 16:00:00,6.229925
2012-08-02 17:00:00,8.10308333333
2012-08-02 18:00:00,5.3518
2012-08-02 19:00:00,3.259325
2012-08-02 20:00:00,2.74854166667
2012-08-02 21:00:00,2.67360833333
2012-08-02 22:00:00,2.62611666667
2012-08-02 23:00:00,2.60784166667
2012-08-03 00:00:00,8.90078333333
2012-08-03 01:00:00,9.38323333333
2012-08-03 02:00:00,10.5345666667
2012-08-03 03:00:00,13.3086916667
2012-08-03 04:00:00,17.6645083333
2012-08-03 05:00:00,13.53165
2012-08-03 06:00:00,14.3357416667
2012-08-03 07:00:00,16.6795
2012-08-03 08:00:00,17.4104916667
2012-08-03 09:00:00,16.6246666667
2012-08-03 10:00:00,16.2445416667
2012-08-03 11:00:00,16.53695
2012-08-03 12:00:00,16.737075
2012-08-03 13:00:00,16.2920666667
2012-08-03 14:00:00,12.2186
2012-08-03 15:00:00,8.54259166667
2012-08-03 16:00:00,5.98229166667
2012-08-03 17:00:00,8.81033333333
2012-08-03 18:00:00,4.85748333333
2012-08-03 19:00:00,3.22275833333
2012-08-03 20:00:00,2.74305833333
2012-08-03 21:00:00,2.60233333333
2012-08-03 22:00:00,2.604175
2012-08-03 23:00:00,2.58954166667
2012-08-04 00:00:00,2.61880833333
2012-08-04 01:00:00,2.5987
2012-08-04 02:00:00,2.717475
2012-08-04 03:00:00,2.58590833333
2012-08-04 04:00:00,1.876825
2012-08-04 05:00:00,20.477925
2012-08-04 06:00:00,12.4762583333
2012-08-04 07:00:00,11.66395
2012-08-04 08:00:00,13.104925
2012-08-04 09:00:00,12.98705
2012-08-04 10:00:00,3.03453333333
2012-08-04 11:00:00,1.794575
2012-08-04 12:00:00,1.80371666667
2012-08-04 13:00:00,1.80005833333
2012-08-04 14:00:00,1.80186666667
2012-08-04 15:00:00,1.785425
2012-08-04 16:00:00,2.17654166667
2012-08-04 17:00:00,2.7193
2012-08-04 18:00:00,2.73026666667
2012-08-04 19:00:00,2.77595
2012-08-04 20:00:00,2.73940833333
2012-08-04 21:00:00,2.60416666667
2012-08-04 22:00:00,2.59686666667
2012-08-04 23:00:00,2.5932
2012-08-05 00:00:00,2.59138333333
2012-08-05 01:00:00,2.607825
2012-08-05 02:00:00,2.721125
2012-08-05 03:00:00,2.60416666667
2012-08-05 04:00:00,1.90056666667
2012-08-05 05:00:00,1.82199166667
2012-08-05 06:00:00,1.83660833333
2012-08-05 07:00:00,1.87134166667
2012-08-05 08:00:00,1.82565
2012-08-05 09:00:00,1.82565833333
2012-08-05 10:00:00,1.83480833333
2012-08-05 11:00:00,1.87134166667
2012-08-05 12:00:00,1.84756666667
2012-08-05 13:00:00,1.798225
2012-08-05 14:00:00,1.81924166667
2012-08-05 15:00:00,1.8037
2012-08-05 16:00:00,2.185675
2012-08-05 17:00:00,2.72660833333
2012-08-05 18:00:00,2.733925
2012-08-05 19:00:00,2.74488333333
2012-08-05 20:00:00,2.724775
2012-08-05 21:00:00,2.58771666667
2012-08-05 22:00:00,2.624275
2012-08-05 23:00:00,2.609675
2012-08-06 00:00:00,10.8818
2012-08-06 01:00:00,12.393125
2012-08-06 02:00:00,12.183875
2012-08-06 03:00:00,11.4501416667
2012-08-06 04:00:00,19.80085
2012-08-06 05:00:00,19.260825
2012-08-06 06:00:00,22.1299833333
2012-08-06 07:00:00,23.5133916667
2012-08-06 08:00:00,23.578275
2012-08-06 09:00:00,23.3882
2012-08-06 10:00:00,22.1501
2012-08-06 11:00:00,22.9011916667
2012-08-06 12:00:00,23.6376666667
2012-08-06 13:00:00,22.767775
2012-08-06 14:00:00,16.869575
2012-08-06 15:00:00,10.434975
2012-08-06 16:00:00,7.01299166667
2012-08-06 17:00:00,7.61058333333
2012-08-06 18:00:00,6.31306666667
2012-08-06 19:00:00,3.83133333333
2012-08-06 20:00:00,2.76865
2012-08-06 21:00:00,2.68275
2012-08-06 22:00:00,2.620625
2012-08-06 23:00:00,2.59504166667
2012-08-07 00:00:00,9.1475
2012-08-07 01:00:00,9.421625
2012-08-07 02:00:00,13.421075
2012-08-07 03:00:00,12.9587416667
2012-08-07 04:00:00,21.2381583333
2012-08-07 05:00:00,21.1879083333
2012-08-07 06:00:00,23.9565583333
2012-08-07 07:00:00,25.0777083333
2012-08-07 08:00:00,26.2911916667
2012-08-07 09:00:00,25.695425
2012-08-07 10:00:00,23.9529
2012-08-07 11:00:00,24.121025
2012-08-07 12:00:00,24.2306833333
2012-08-07 13:00:00,23.93645
2012-08-07 14:00:00,18.093975
2012-08-07 15:00:00,10.434075
2012-08-07 16:00:00,7.33280833333
2012-08-07 17:00:00,6.637425
2012-08-07 18:00:00,7.47716666667
2012-08-07 19:00:00,3.231
2012-08-07 20:00:00,2.72843333333
2012-08-07 21:00:00,2.59868333333
2012-08-07 22:00:00,2.62061666667
2012-08-07 23:00:00,2.60235
2012-08-08 00:00:00,9.22425
2012-08-08 01:00:00,11.25095
2012-08-08 02:00:00,13.480475
2012-08-08 03:00:00,11.9746166667
2012-08-08 04:00:00,21.5579833333
2012-08-08 05:00:00,23.2036416667
2012-08-08 06:00:00,23.5033333333
2012-08-08 07:00:00,24.3111083333
2012-08-08 08:00:00,24.4837916667
2012-08-08 09:00:00,24.24165
2012-08-08 10:00:00,17.8481583333
2012-08-08 11:00:00,16.2646666667
2012-08-08 12:00:00,15.6780416667
2012-08-08 13:00:00,15.2038
2012-08-08 14:00:00,15.0767833333
2012-08-08 15:00:00,11.8795916667
2012-08-08 16:00:00,9.314725
2012-08-08 17:00:00,6.61459166667
2012-08-08 18:00:00,8.886175
2012-08-08 19:00:00,3.364425
2012-08-08 20:00:00,2.73026666667
2012-08-08 21:00:00,2.600525
2012-08-08 22:00:00,2.59503333333
2012-08-08 23:00:00,2.607825
2012-08-09 00:00:00,8.45305
2012-08-09 01:00:00,11.5844583333
2012-08-09 02:00:00,11.5095333333
2012-08-09 03:00:00,9.54679166667
2012-08-09 04:00:00,17.511025
2012-08-09 05:00:00,17.1555666667
2012-08-09 06:00:00,25.8434583333
2012-08-09 07:00:00,28.7948333333
2012-08-09 08:00:00,27.566775
2012-08-09 09:00:00,27.118125
2012-08-09 10:00:00,26.892425
2012-08-09 11:00:00,26.3624416667
2012-08-09 12:00:00,25.9503583333
2012-08-09 13:00:00,25.83885
2012-08-09 14:00:00,21.1056833333
2012-08-09 15:00:00,10.867175
2012-08-09 16:00:00,6.43915
2012-08-09 17:00:00,8.33608333333
2012-08-09 18:00:00,6.13306666667
2012-08-09 19:00:00,3.17253333333
2012-08-09 20:00:00,2.72660833333
2012-08-09 21:00:00,2.604175
2012-08-09 22:00:00,2.5859
2012-08-09 23:00:00,2.57675
2012-08-10 00:00:00,9.74053333333
2012-08-10 01:00:00,11.3505333333
2012-08-10 02:00:00,12.5713166667
2012-08-10 03:00:00,11.08465
2012-08-10 04:00:00,21.8887416667
2012-08-10 05:00:00,26.3058
2012-08-10 06:00:00,25.1362
2012-08-10 07:00:00,28.0547166667
2012-08-10 08:00:00,29.5011583333
2012-08-10 09:00:00,27.2643
2012-08-10 10:00:00,22.6975
2012-08-10 11:00:00,21.8975
2012-08-10 12:00:00,22.5775
2012-08-10 13:00:00,23.6525
2012-08-10 14:00:00,25.8790916667
2012-08-10 15:00:00,10.33445
2012-08-10 16:00:00,7.28985
2012-08-10 17:00:00,7.28710833333
2012-08-10 18:00:00,7.26336666667
2012-08-10 19:00:00,3.294975
2012-08-10 20:00:00,2.79789166667
2012-08-10 21:00:00,2.66629166667
2012-08-10 22:00:00,2.67725833333
2012-08-10 23:00:00,2.655325
2012-08-11 00:00:00,3.15789166667
2012-08-11 01:00:00,4.04971666667
2012-08-11 02:00:00,4.18678333333
2012-08-11 03:00:00,3.824925
2012-08-11 04:00:00,3.3169
2012-08-11 05:00:00,26.7380083333
2012-08-11 06:00:00,20.2125
2012-08-11 07:00:00,20.6625
2012-08-11 08:00:00,21.785
2012-08-11 09:00:00,23.225
2012-08-11 10:00:00,19.816375
2012-08-11 11:00:00,12.3117916667
2012-08-11 12:00:00,11.5826166667
2012-08-11 13:00:00,11.57165
2012-08-11 14:00:00,4.471875
2012-08-11 15:00:00,3.28584166667
2012-08-11 16:00:00,3.66960833333
2012-08-11 17:00:00,4.23429166667
2012-08-11 18:00:00,4.246175
2012-08-11 19:00:00,4.23794166667
2012-08-11 20:00:00,4.24891666667
2012-08-11 21:00:00,4.10636666667
2012-08-11 22:00:00,4.12100833333
2012-08-11 23:00:00,4.11369166667
2012-08-12 00:00:00,4.09540833333
2012-08-12 01:00:00,4.10454166667
2012-08-12 02:00:00,4.23245833333
2012-08-12 03:00:00,3.87244166667
2012-08-12 04:00:00,3.35160833333
2012-08-12 05:00:00,3.329675
2012-08-12 06:00:00,3.31871666667
2012-08-12 07:00:00,3.3169
2012-08-12 08:00:00,3.36440833333
2012-08-12 09:00:00,3.318725
2012-08-12 10:00:00,3.33151666667
2012-08-12 11:00:00,3.30410833333
2012-08-12 12:00:00,3.318725
2012-08-12 13:00:00,3.28585
2012-08-12 14:00:00,3.29315
2012-08-12 15:00:00,3.28584166667
2012-08-12 16:00:00,3.64584166667
2012-08-12 17:00:00,4.21784166667
2012-08-12 18:00:00,4.219675
2012-08-12 19:00:00,4.26261666667
2012-08-12 20:00:00,4.21601666667
2012-08-12 21:00:00,4.11550833333
2012-08-12 22:00:00,4.10455
2012-08-12 23:00:00,4.1009
2012-08-13 00:00:00,14.434425
2012-08-13 01:00:00,13.4000833333
2012-08-13 02:00:00,16.0069666667
2012-08-13 03:00:00,14.9881583333
2012-08-13 04:00:00,25.5629166667
2012-08-13 05:00:00,21.4675
2012-08-13 06:00:00,21.9675
2012-08-13 07:00:00,23.815
2012-08-13 08:00:00,24.46
2012-08-13 09:00:00,25.265
2012-08-13 10:00:00,24.2075
2012-08-13 11:00:00,25.6204916667
2012-08-13 12:00:00,25.828825
2012-08-13 13:00:00,28.1954166667
2012-08-13 14:00:00,27.3584166667
2012-08-13 15:00:00,13.7865833333
2012-08-13 16:00:00,10.46695
2012-08-13 17:00:00,7.94500833333
2012-08-13 18:00:00,9.55685
2012-08-13 19:00:00,5.36825
2012-08-13 20:00:00,4.24160833333
2012-08-13 21:00:00,4.152075
2012-08-13 22:00:00,4.122825
2012-08-13 23:00:00,4.09176666667
2012-08-14 00:00:00,11.6831416667
2012-08-14 01:00:00,15.016475
2012-08-14 02:00:00,13.6942916667
2012-08-14 03:00:00,17.2652
2012-08-14 04:00:00,24.970825
2012-08-14 05:00:00,18.8125
2012-08-14 06:00:00,20.8575
2012-08-14 07:00:00,22.725
2012-08-14 08:00:00,24.495
2012-08-14 09:00:00,25.83
2012-08-14 10:00:00,25.49
2012-08-14 11:00:00,25.0775
2012-08-14 12:00:00,24.5525
2012-08-14 13:00:00,24.6025
2012-08-14 14:00:00,21.0625
2012-08-14 15:00:00,12.2825666667
2012-08-14 16:00:00,8.64676666667
2012-08-14 17:00:00,8.41834166667
2012-08-14 18:00:00,8.70708333333
2012-08-14 19:00:00,4.771575
2012-08-14 20:00:00,4.23429166667
2012-08-14 21:00:00,4.13743333333
2012-08-14 22:00:00,4.10273333333
2012-08-14 23:00:00,4.0808
2012-08-15 00:00:00,10.9128583333
2012-08-15 01:00:00,11.8009916667
2012-08-15 02:00:00,16.309425
2012-08-15 03:00:00,17.8555083333
2012-08-15 04:00:00,23.881625
2012-08-15 05:00:00,22.3191333333
2012-08-15 06:00:00,21.9810416667
2012-08-15 07:00:00,24.7981166667
2012-08-15 08:00:00,25.6935833333
2012-08-15 09:00:00,26.810175
2012-08-15 10:00:00,27.3109166667
2012-08-15 11:00:00,26.8796166667
2012-08-15 12:00:00,25.5208916667
2012-08-15 13:00:00,23.48415
2012-08-15 14:00:00,18.83685
2012-08-15 15:00:00,9.36770833333
2012-08-15 16:00:00,8.53439166667
2012-08-15 17:00:00,8.66046666667
2012-08-15 18:00:00,8.298625
2012-08-15 19:00:00,4.88213333333
2012-08-15 20:00:00,4.25074166667
2012-08-15 21:00:00,4.15024166667
2012-08-15 22:00:00,4.10820833333
2012-08-15 23:00:00,4.0954
2012-08-16 00:00:00,10.6899083333
2012-08-16 01:00:00,13.443925
2012-08-16 02:00:00,13.921825
2012-08-16 03:00:00,14.0826333333
2012-08-16 04:00:00,22.319125
2012-08-16 05:00:00,21.2226416667
2012-08-16 06:00:00,22.4397583333
2012-08-16 07:00:00,23.7592083333
2012-08-16 08:00:00,25.6022083333
2012-08-16 09:00:00,27.0852083333
2012-08-16 10:00:00,27.0176
2012-08-16 11:00:00,27.0368
2012-08-16 12:00:00,26.793725
2012-08-16 13:00:00,26.1979833333
2012-08-16 14:00:00,22.338325
2012-08-16 15:00:00,11.0572333333
2012-08-16 16:00:00,8.11679166667
2012-08-16 17:00:00,7.84450833333
2012-08-16 18:00:00,8.62026666667
2012-08-16 19:00:00,5.31706666667
2012-08-16 20:00:00,4.21965833333
2012-08-16 21:00:00,4.1082
2012-08-16 22:00:00,4.07348333333
2012-08-16 23:00:00,4.09175833333
2012-08-17 00:00:00,10.7629916667
2012-08-17 01:00:00,13.5645416667
2012-08-17 02:00:00,13.95015
2012-08-17 03:00:00,15.6752916667
2012-08-17 04:00:00,23.7738166667
2012-08-17 05:00:00,25.43775
2012-08-17 06:00:00,26.3862
2012-08-17 07:00:00,28.0391583333
2012-08-17 08:00:00,27.44
2012-08-17 09:00:00,26.56
2012-08-17 10:00:00,25.7
2012-08-17 11:00:00,25.1475
2012-08-17 12:00:00,25.5125
2012-08-17 13:00:00,24.7275
2012-08-17 14:00:00,23.890775
2012-08-17 15:00:00,10.5181166667
2012-08-17 16:00:00,7.81983333333
2012-08-17 17:00:00,9.54863333333
2012-08-17 18:00:00,8.04371666667
2012-08-17 19:00:00,5.28326666667
2012-08-17 20:00:00,4.13011666667
2012-08-17 21:00:00,3.99671666667
2012-08-17 22:00:00,3.99671666667
2012-08-17 23:00:00,3.98209166667
2012-08-18 00:00:00,3.96745833333
2012-08-18 01:00:00,3.987575
2012-08-18 02:00:00,4.100875
2012-08-18 03:00:00,3.74818333333
2012-08-18 04:00:00,3.2109
2012-08-18 05:00:00,27.8216916667
2012-08-18 06:00:00,23.66
2012-08-18 07:00:00,24.11
2012-08-18 08:00:00,25.8225
2012-08-18 09:00:00,29.0753583333
2012-08-18 10:00:00,6.05905833333
2012-08-18 11:00:00,3.19261666667
2012-08-18 12:00:00,3.179825
2012-08-18 13:00:00,3.18348333333
2012-08-18 14:00:00,3.17068333333
2012-08-18 15:00:00,3.20359166667
2012-08-18 16:00:00,3.561775
2012-08-18 17:00:00,4.11734166667
2012-08-18 18:00:00,4.113675
2012-08-18 19:00:00,4.12829166667
2012-08-18 20:00:00,4.1557
2012-08-18 21:00:00,3.99488333333
2012-08-18 22:00:00,4.01955833333
2012-08-18 23:00:00,4.00404166667
2012-08-19 00:00:00,4.00585833333
2012-08-19 01:00:00,4.02048333333
2012-08-19 02:00:00,4.15751666667
2012-08-19 03:00:00,3.764625
2012-08-19 04:00:00,3.25659166667
2012-08-19 05:00:00,3.24380833333
2012-08-19 06:00:00,3.22551666667
2012-08-19 07:00:00,3.22735
2012-08-19 08:00:00,3.238325
2012-08-19 09:00:00,3.221875
2012-08-19 10:00:00,3.231
2012-08-19 11:00:00,3.205425
2012-08-19 12:00:00,3.212725
2012-08-19 13:00:00,3.192625
2012-08-19 14:00:00,3.20543333333
2012-08-19 15:00:00,3.18530833333
2012-08-19 16:00:00,3.5636
2012-08-19 17:00:00,4.11915
2012-08-19 18:00:00,4.16575
2012-08-19 19:00:00,4.163
2012-08-19 20:00:00,4.15569166667
2012-08-19 21:00:00,4.016825
2012-08-19 22:00:00,4.02596666667
2012-08-19 23:00:00,4.033275
2012-08-20 00:00:00,14.5075166667
2012-08-20 01:00:00,14.6975916667
2012-08-20 02:00:00,26.756275
2012-08-20 03:00:00,16.2075
2012-08-20 04:00:00,19.9125
2012-08-20 05:00:00,20.19
2012-08-20 06:00:00,20.2975
2012-08-20 07:00:00,23.375
2012-08-20 08:00:00,24.83
2012-08-20 09:00:00,25.155
2012-08-20 10:00:00,24.37
2012-08-20 11:00:00,23.7225
2012-08-20 12:00:00,23.0975
2012-08-20 13:00:00,23.1475
2012-08-20 14:00:00,20.4675
2012-08-20 15:00:00,12.6242833333
2012-08-20 16:00:00,7.766825
2012-08-20 17:00:00,9.13288333333
2012-08-20 18:00:00,8.99764166667
2012-08-20 19:00:00,4.6281
2012-08-20 20:00:00,4.14289166667
2012-08-20 21:00:00,4.04789166667
2012-08-20 22:00:00,4.05155
2012-08-20 23:00:00,4.036925
2012-08-21 00:00:00,11.315825
2012-08-21 01:00:00,14.3284333333
2012-08-21 02:00:00,13.5188416667
2012-08-21 03:00:00,11.98195
2012-08-21 04:00:00,23.88895
2012-08-21 05:00:00,25.4048583333
2012-08-21 06:00:00,24.79355
2012-08-21 07:00:00,26.3761583333
2012-08-21 08:00:00,28.0410083333
2012-08-21 09:00:00,28.2840333333
2012-08-21 10:00:00,28.0848583333
2012-08-21 11:00:00,28.0282
2012-08-21 12:00:00,27.5484833333
2012-08-21 13:00:00,27.1327333333
2012-08-21 14:00:00,24.1393083333
2012-08-21 15:00:00,10.7940583333
2012-08-21 16:00:00,8.2968
2012-08-21 17:00:00,8.05100833333
2012-08-21 18:00:00,8.64949166667
2012-08-21 19:00:00,4.94518333333
2012-08-21 20:00:00,4.16666666667
2012-08-21 21:00:00,4.053375
2012-08-21 22:00:00,4.04058333333
2012-08-21 23:00:00,4.08169166667
2012-08-22 00:00:00,10.5857333333
2012-08-22 01:00:00,11.4236416667
2012-08-22 02:00:00,15.4057416667
2012-08-22 03:00:00,13.8797916667
2012-08-22 04:00:00,22.7961166667
2012-08-22 05:00:00,21.039875
2012-08-22 06:00:00,22.2981166667
2012-08-22 07:00:00,24.6756833333
2012-08-22 08:00:00,25.2942833333
2012-08-22 09:00:00,25.5629333333
2012-08-22 10:00:00,25.2805666667
2012-08-22 11:00:00,25.1060416667
2012-08-22 12:00:00,24.4508833333
2012-08-22 13:00:00,22.6489916667
2012-08-22 14:00:00,19.420725
2012-08-22 15:00:00,9.15298333333
2012-08-22 16:00:00,8.40554166667
2012-08-22 17:00:00,8.87520833333
2012-08-22 18:00:00,7.623375
2012-08-22 19:00:00,5.24853333333
2012-08-22 20:00:00,4.14108333333
2012-08-22 21:00:00,4.08991666667
2012-08-22 22:00:00,4.03875833333
2012-08-22 23:00:00,4.02779166667
2012-08-23 00:00:00,10.4230916667
2012-08-23 01:00:00,10.9960166667
2012-08-23 02:00:00,15.0977916667
2012-08-23 03:00:00,12.1052916667
2012-08-23 04:00:00,22.1710916667
2012-08-23 05:00:00,18.6623166667
2012-08-23 06:00:00,18.9327916667
2012-08-23 07:00:00,19.7204333333
2012-08-23 08:00:00,21.4675166667
2012-08-23 09:00:00,22.4498
2012-08-23 10:00:00,21.1659666667
2012-08-23 11:00:00,20.1809666667
2012-08-23 12:00:00,19.9269583333
2012-08-23 13:00:00,18.5819083333
2012-08-23 14:00:00,15.837025
2012-08-23 15:00:00,7.71200833333
2012-08-23 16:00:00,9.53856666667
2012-08-23 17:00:00,7.2661
2012-08-23 18:00:00,7.274325
2012-08-23 19:00:00,5.3847
2012-08-23 20:00:00,4.18493333333
2012-08-23 21:00:00,4.08808333333
2012-08-23 22:00:00,4.11733333333
2012-08-23 23:00:00,4.0497
2012-08-24 00:00:00,10.7538666667
2012-08-24 01:00:00,12.6407416667
2012-08-24 02:00:00,13.4192583333
2012-08-24 03:00:00,11.6749083333
2012-08-24 04:00:00,19.8839916667
2012-08-24 05:00:00,17.0504583333
2012-08-24 06:00:00,17.56125
2012-08-24 07:00:00,17.8098083333
2012-08-24 08:00:00,17.8637166667
2012-08-24 09:00:00,17.4242
2012-08-24 10:00:00,17.5694916667
2012-08-24 11:00:00,17.3949583333
2012-08-24 12:00:00,17.2707
2012-08-24 13:00:00,16.4748166667
2012-08-24 14:00:00,13.895325
2012-08-24 15:00:00,7.43788333333
2012-08-24 16:00:00,9.32566666667
2012-08-24 17:00:00,7.14639166667
2012-08-24 18:00:00,7.188425
2012-08-24 19:00:00,5.11514166667
2012-08-24 20:00:00,4.20321666667
2012-08-24 21:00:00,4.06250833333
2012-08-24 22:00:00,4.06981666667
2012-08-24 23:00:00,4.049725
2012-08-25 00:00:00,4.06615833333
2012-08-25 01:00:00,4.0826
2012-08-25 02:00:00,4.21419166667
2012-08-25 03:00:00,3.81945
2012-08-25 04:00:00,3.25843333333
2012-08-25 05:00:00,23.994025
2012-08-25 06:00:00,15.69905
2012-08-25 07:00:00,13.662325
2012-08-25 08:00:00,13.5179416667
2012-08-25 09:00:00,13.4850583333
2012-08-25 10:00:00,4.46365
2012-08-25 11:00:00,3.28400833333
2012-08-25 12:00:00,3.26575833333
2012-08-25 13:00:00,3.25294166667
2012-08-25 14:00:00,3.27671666667
2012-08-25 15:00:00,3.26391666667
2012-08-25 16:00:00,3.644025
2012-08-25 17:00:00,4.22149166667
2012-08-25 18:00:00,4.19408333333
2012-08-25 19:00:00,4.21418333333
2012-08-25 20:00:00,4.22331666667
2012-08-25 21:00:00,4.082625
2012-08-25 22:00:00,4.07163333333
2012-08-25 23:00:00,4.06983333333
2012-08-26 00:00:00,4.06799166667
2012-08-26 01:00:00,4.0881
2012-08-26 02:00:00,4.203225
2012-08-26 03:00:00,3.81763333333
2012-08-26 04:00:00,3.31873333333
2012-08-26 05:00:00,3.28584166667
2012-08-26 06:00:00,3.28036666667
2012-08-26 07:00:00,3.29864166667
2012-08-26 08:00:00,3.26939166667
2012-08-26 09:00:00,3.2822
2012-08-26 10:00:00,3.32785
2012-08-26 11:00:00,3.27850833333
2012-08-26 12:00:00,3.26755
2012-08-26 13:00:00,3.26208333333
2012-08-26 14:00:00,3.26115
2012-08-26 15:00:00,3.25841666667
2012-08-26 16:00:00,3.62573333333
2012-08-26 17:00:00,4.2032
2012-08-26 18:00:00,4.1758
2012-08-26 19:00:00,4.1941
2012-08-26 20:00:00,4.19226666667
2012-08-26 21:00:00,4.04058333333
2012-08-26 22:00:00,4.08444166667
2012-08-26 23:00:00,4.0698
2012-08-27 00:00:00,12.585925
2012-08-27 01:00:00,13.2502
2012-08-27 02:00:00,14.5523083333
2012-08-27 03:00:00,12.2697666667
2012-08-27 04:00:00,21.5927083333
2012-08-27 05:00:00,20.9777416667
2012-08-27 06:00:00,23.598375
2012-08-27 07:00:00,24.4043
2012-08-27 08:00:00,24.95985
2012-08-27 09:00:00,24.7798583333
2012-08-27 10:00:00,24.2654
2012-08-27 11:00:00,24.210575
2012-08-27 12:00:00,23.11865
2012-08-27 13:00:00,21.9929166667
2012-08-27 14:00:00,18.842325
2012-08-27 15:00:00,10.0886416667
2012-08-27 16:00:00,9.34211666667
2012-08-27 17:00:00,7.42875833333
2012-08-27 18:00:00,9.62171666667
2012-08-27 19:00:00,4.69665
2012-08-27 20:00:00,4.19591666667
2012-08-27 21:00:00,4.05155833333
2012-08-27 22:00:00,4.09996666667
2012-08-27 23:00:00,4.06616666667
2012-08-28 00:00:00,10.394775
2012-08-28 01:00:00,11.0819083333
2012-08-28 02:00:00,15.0247
2012-08-28 03:00:00,13.7482083333
2012-08-28 04:00:00,20.9750083333
2012-08-28 05:00:00,21.7882333333
2012-08-28 06:00:00,23.5133833333
2012-08-28 07:00:00,23.5280083333
2012-08-28 08:00:00,24.4499833333
2012-08-28 09:00:00,24.8383166667
2012-08-28 10:00:00,23.5463
2012-08-28 11:00:00,20.9073916667
2012-08-28 12:00:00,17.974275
2012-08-28 13:00:00,18.9428416667
2012-08-28 14:00:00,17.9094083333
2012-08-28 15:00:00,9.05064166667
2012-08-28 16:00:00,6.15865
2012-08-28 17:00:00,7.31544166667
2012-08-28 18:00:00,5.88726666667
2012-08-28 19:00:00,3.25203333333
2012-08-28 20:00:00,2.74306666667
2012-08-28 21:00:00,2.640725
2012-08-28 22:00:00,2.62428333333
2012-08-28 23:00:00,2.67089166667
2012-08-29 00:00:00,9.54223333333
2012-08-29 01:00:00,9.51574166667
2012-08-29 02:00:00,13.5819166667
2012-08-29 03:00:00,11.7589833333
2012-08-29 04:00:00,20.1142583333
2012-08-29 05:00:00,22.1784166667
2012-08-29 06:00:00,24.0552416667
2012-08-29 07:00:00,25.1681833333
2012-08-29 08:00:00,23.885
2012-08-29 09:00:00,24.8325
2012-08-29 10:00:00,24.8975
2012-08-29 11:00:00,29.5103
2012-08-29 12:00:00,23.539875
2012-08-29 13:00:00,22.585025
2012-08-29 14:00:00,20.2028916667
2012-08-29 15:00:00,9.32475
2012-08-29 16:00:00,6.08553333333
2012-08-29 17:00:00,8.06745833333
2012-08-29 18:00:00,5.964925
2012-08-29 19:00:00,3.2849
2012-08-29 20:00:00,2.74671666667
2012-08-29 21:00:00,2.64255
2012-08-29 22:00:00,2.69553333333
2012-08-29 23:00:00,2.60784166667
2012-08-30 00:00:00,9.501125
2012-08-30 01:00:00,9.53491666667
2012-08-30 02:00:00,14.045175
2012-08-30 03:00:00,13.0053333333
2012-08-30 04:00:00,21.2454833333
2012-08-30 05:00:00,21.4592833333
2012-08-30 06:00:00,24.1749333333
2012-08-30 07:00:00,26.3524
2012-08-30 08:00:00,27.1409583333
2012-08-30 09:00:00,29.6281666667
2012-08-30 10:00:00,24.3475
2012-08-30 11:00:00,24.2125
2012-08-30 12:00:00,24.4075
2012-08-30 13:00:00,29.9087
2012-08-30 14:00:00,21.388025
2012-08-30 15:00:00,9.276325
2012-08-30 16:00:00,6.77633333333
2012-08-30 17:00:00,6.54425
2012-08-30 18:00:00,6.91795833333
2012-08-30 19:00:00,3.60471666667
2012-08-30 20:00:00,2.7522
2012-08-30 21:00:00,2.63523333333
2012-08-30 22:00:00,2.6316
2012-08-30 23:00:00,2.65991666667
2012-08-31 00:00:00,9.27999166667
2012-08-31 01:00:00,10.6295833333
2012-08-31 02:00:00,13.8012
2012-08-31 03:00:00,11.629225
2012-08-31 04:00:00,21.2801916667
2012-08-31 05:00:00,19.9415666667
2012-08-31 06:00:00,23.2612
2012-08-31 07:00:00,23.5938
2012-08-31 08:00:00,23.9976666667
2012-08-31 09:00:00,24.14845
2012-08-31 10:00:00,23.947425
2012-08-31 11:00:00,23.73725
2012-08-31 12:00:00,23.4741083333
2012-08-31 13:00:00,22.2679583333
2012-08-31 14:00:00,19.2690583333
2012-08-31 15:00:00,9.64366666667
2012-08-31 16:00:00,5.40571666667
2012-08-31 17:00:00,8.01445
2012-08-31 18:00:00,5.99415
2012-08-31 19:00:00,3.22096666667
2012-08-31 20:00:00,2.76865833333
2012-08-31 21:00:00,2.62978333333
2012-08-31 22:00:00,2.622475
2012-08-31 23:00:00,2.643475
2012-09-01 00:00:00,2.6115
2012-09-01 01:00:00,2.622475
2012-09-01 02:00:00,2.75768333333
2012-09-01 03:00:00,2.60599166667
2012-09-01 04:00:00,1.86585
2012-09-01 05:00:00,23.3470833333
2012-09-01 06:00:00,25.911075
2012-09-01 07:00:00,20.1772916667
2012-09-01 08:00:00,17.4342583333
2012-09-01 09:00:00,17.0514083333
2012-09-01 10:00:00,3.46674166667
2012-09-01 11:00:00,1.79093333333
2012-09-01 12:00:00,1.77448333333
2012-09-01 13:00:00,1.78725833333
2012-09-01 14:00:00,1.78909166667
2012-09-01 15:00:00,1.77265
2012-09-01 16:00:00,2.17288333333
2012-09-01 17:00:00,2.737575
2012-09-01 18:00:00,2.74123333333
2012-09-01 19:00:00,2.754025
2012-09-01 20:00:00,2.78508333333
2012-09-01 21:00:00,2.626125
2012-09-01 22:00:00,2.62063333333
2012-09-01 23:00:00,2.62430833333
2012-09-02 00:00:00,2.622475
2012-09-02 01:00:00,2.642575
2012-09-02 02:00:00,2.74306666667
2012-09-02 03:00:00,2.60051666667
2012-09-02 04:00:00,1.860375
2012-09-02 05:00:00,1.81650833333
2012-09-02 06:00:00,1.79091666667
2012-09-02 07:00:00,1.840275
2012-09-02 08:00:00,1.79090833333
2012-09-02 09:00:00,1.80189166667
2012-09-02 10:00:00,1.81651666667
2012-09-02 11:00:00,1.78726666667
2012-09-02 12:00:00,1.790925
2012-09-02 13:00:00,1.770825
2012-09-02 14:00:00,1.79458333333
2012-09-02 15:00:00,1.78726666667
2012-09-02 16:00:00,2.17470833333
2012-09-02 17:00:00,2.74488333333
2012-09-02 18:00:00,2.77046666667
2012-09-02 19:00:00,2.76773333333
2012-09-02 20:00:00,2.76680833333
2012-09-02 21:00:00,2.61879166667
2012-09-02 22:00:00,2.63343333333
2012-09-02 23:00:00,2.61515833333
2012-09-03 00:00:00,2.62794166667
2012-09-03 01:00:00,2.62794166667
2012-09-03 02:00:00,2.74671666667
2012-09-03 03:00:00,2.5731
2012-09-03 04:00:00,1.87315833333
2012-09-03 05:00:00,1.84758333333
2012-09-03 06:00:00,1.80188333333
2012-09-03 07:00:00,1.79456666667
2012-09-03 08:00:00,1.7964
2012-09-03 09:00:00,1.79274166667
2012-09-03 10:00:00,1.77995
2012-09-03 11:00:00,1.790925
2012-09-03 12:00:00,1.78545833333
2012-09-03 13:00:00,1.787275
2012-09-03 14:00:00,2.62793333333
2012-09-03 15:00:00,2.72478333333
2012-09-03 16:00:00,2.74305833333
2012-09-03 17:00:00,2.741225
2012-09-03 18:00:00,2.77320833333
2012-09-03 19:00:00,2.75036666667
2012-09-03 20:00:00,2.74123333333
2012-09-03 21:00:00,2.60235
2012-09-03 22:00:00,2.60054166667
2012-09-03 23:00:00,2.59868333333
2012-09-04 00:00:00,13.5480916667
2012-09-04 01:00:00,12.8929333333
2012-09-04 02:00:00,13.038225
2012-09-04 03:00:00,11.938075
2012-09-04 04:00:00,22.8025
2012-09-04 05:00:00,19.01
2012-09-04 06:00:00,19.455
2012-09-04 07:00:00,22.235
2012-09-04 08:00:00,24.7025
2012-09-04 09:00:00,26.7625
2012-09-04 10:00:00,25.935
2012-09-04 11:00:00,26.3075
2012-09-04 12:00:00,25.755
2012-09-04 13:00:00,29.1831833333
2012-09-04 14:00:00,21.6886416667
2012-09-04 15:00:00,9.754225
2012-09-04 16:00:00,7.91210833333
2012-09-04 17:00:00,6.07458333333
2012-09-04 18:00:00,8.06289166667
2012-09-04 19:00:00,3.23191666667
2012-09-04 20:00:00,2.76865
2012-09-04 21:00:00,2.62245
2012-09-04 22:00:00,2.61696666667
2012-09-04 23:00:00,2.60236666667
2012-09-05 00:00:00,9.73230833333
2012-09-05 01:00:00,13.0254333333
2012-09-05 02:00:00,12.8490833333
2012-09-05 03:00:00,11.494
2012-09-05 04:00:00,22.1172
2012-09-05 05:00:00,23.4357166667
2012-09-05 06:00:00,22.4424833333
2012-09-05 07:00:00,24.512125
2012-09-05 08:00:00,29.8182416667
2012-09-05 09:00:00,25.59
2012-09-05 10:00:00,25.79
2012-09-05 11:00:00,24.4925
2012-09-05 12:00:00,28.6084416667
2012-09-05 13:00:00,28.4540166667
2012-09-05 14:00:00,23.283125
2012-09-05 15:00:00,9.7186
2012-09-05 16:00:00,7.04223333333
2012-09-05 17:00:00,6.96730833333
2012-09-05 18:00:00,7.08244166667
2012-09-05 19:00:00,3.27578333333
2012-09-05 20:00:00,2.72844166667
2012-09-05 21:00:00,2.66814166667
2012-09-05 22:00:00,2.64621666667
2012-09-05 23:00:00,2.60418333333
2012-09-06 00:00:00,9.41886666667
2012-09-06 01:00:00,12.299925
2012-09-06 02:00:00,11.77085
2012-09-06 03:00:00,10.8461416667
2012-09-06 04:00:00,21.5461166667
2012-09-06 05:00:00,27.9121666667
2012-09-06 06:00:00,18.145
2012-09-06 07:00:00,21.3925
2012-09-06 08:00:00,24.21
2012-09-06 09:00:00,26.0975
2012-09-06 10:00:00,25.965
2012-09-06 11:00:00,24.8425
2012-09-06 12:00:00,30.1791666667
2012-09-06 13:00:00,23.535
2012-09-06 14:00:00,24.7935583333
2012-09-06 15:00:00,8.5289
2012-09-06 16:00:00,7.90115833333
2012-09-06 17:00:00,6.13123333333
2012-09-06 18:00:00,8.31599166667
2012-09-06 19:00:00,3.2246
2012-09-06 20:00:00,2.76315833333
2012-09-06 21:00:00,2.62794166667
2012-09-06 22:00:00,2.604175
2012-09-06 23:00:00,2.59868333333
2012-09-07 00:00:00,9.00313333333
2012-09-07 01:00:00,11.09835
2012-09-07 02:00:00,13.5581416667
2012-09-07 03:00:00,12.5320166667
2012-09-07 04:00:00,20.494375
2012-09-07 05:00:00,26.0536
2012-09-07 06:00:00,29.2754833333
2012-09-07 07:00:00,30.2148
2012-09-07 08:00:00,23.175
2012-09-07 09:00:00,24.5725
2012-09-07 10:00:00,24.04
2012-09-07 11:00:00,23.5125
2012-09-07 12:00:00,22.785
2012-09-07 13:00:00,29.1283416667
2012-09-07 14:00:00,21.9810333333
2012-09-07 15:00:00,8.85054166667
2012-09-07 16:00:00,5.62409166667
2012-09-07 17:00:00,7.989775
2012-09-07 18:00:00,5.88269166667
2012-09-07 19:00:00,3.27394166667
2012-09-07 20:00:00,2.74855
2012-09-07 21:00:00,2.600525
2012-09-07 22:00:00,2.60784166667
2012-09-07 23:00:00,2.613325
2012-09-08 00:00:00,2.59869166667
2012-09-08 01:00:00,2.620625
2012-09-08 02:00:00,2.744875
2012-09-08 03:00:00,2.591375
2012-09-08 04:00:00,1.87863333333
2012-09-08 05:00:00,26.600925
2012-09-08 06:00:00,21.03
2012-09-08 07:00:00,26.4483416667
2012-09-08 08:00:00,26.4346416667
2012-09-08 09:00:00,26.436475
2012-09-08 10:00:00,4.583325
2012-09-08 11:00:00,1.80373333333
2012-09-08 12:00:00,1.77630833333
2012-09-08 13:00:00,1.80189166667
2012-09-08 14:00:00,1.78908333333
2012-09-08 15:00:00,1.79275
2012-09-08 16:00:00,2.18566666667
2012-09-08 17:00:00,2.770475
2012-09-08 18:00:00,2.78234166667
2012-09-08 19:00:00,2.74854166667
2012-09-08 20:00:00,2.77230833333
2012-09-08 21:00:00,2.6316
2012-09-08 22:00:00,2.6316
2012-09-08 23:00:00,2.627925
2012-09-09 00:00:00,2.615125
2012-09-09 01:00:00,2.631575
2012-09-09 02:00:00,2.75036666667
2012-09-09 03:00:00,2.60781666667
2012-09-09 04:00:00,1.90970833333
2012-09-09 05:00:00,1.82565833333
2012-09-09 06:00:00,1.82015
2012-09-09 07:00:00,1.82016666667
2012-09-09 08:00:00,1.82565
2012-09-09 09:00:00,1.79640833333
2012-09-09 10:00:00,1.814675
2012-09-09 11:00:00,1.8019
2012-09-09 12:00:00,1.769
2012-09-09 13:00:00,1.7818
2012-09-09 14:00:00,1.807375
2012-09-09 15:00:00,1.76535
2012-09-09 16:00:00,2.17653333333
2012-09-09 17:00:00,2.760425
2012-09-09 18:00:00,2.73393333333
2012-09-09 19:00:00,2.74123333333
2012-09-09 20:00:00,2.730275
2012-09-09 21:00:00,2.61515
2012-09-09 22:00:00,2.61148333333
2012-09-09 23:00:00,2.5987
2012-09-10 00:00:00,13.0510166667
2012-09-10 01:00:00,13.649525
2012-09-10 02:00:00,14.397875
2012-09-10 03:00:00,12.6307
2012-09-10 04:00:00,24.0406166667
2012-09-10 05:00:00,21.26
2012-09-10 06:00:00,22.705
2012-09-10 07:00:00,24.3225
2012-09-10 08:00:00,24.31
2012-09-10 09:00:00,22.6375
2012-09-10 10:00:00,22.4875
2012-09-10 11:00:00,22.3325
2012-09-10 12:00:00,22.3
2012-09-10 13:00:00,22.3725
2012-09-10 14:00:00,28.5883333333
2012-09-10 15:00:00,9.91503333333
2012-09-10 16:00:00,7.29716666667
2012-09-10 17:00:00,7.37756666667
2012-09-10 18:00:00,8.39365833333
2012-09-10 19:00:00,3.21730833333
2012-09-10 20:00:00,2.72661666667
2012-09-10 21:00:00,2.60965833333
2012-09-10 22:00:00,2.61148333333
2012-09-10 23:00:00,2.62063333333
2012-09-11 00:00:00,9.4865
2012-09-11 01:00:00,13.1195333333
2012-09-11 02:00:00,12.2350416667
2012-09-11 03:00:00,11.1239333333
2012-09-11 04:00:00,22.5676666667
2012-09-11 05:00:00,23.9592833333
2012-09-11 06:00:00,23.511575
2012-09-11 07:00:00,25.78
2012-09-11 08:00:00,24.55
2012-09-11 09:00:00,22.72
2012-09-11 10:00:00,21.66
2012-09-11 11:00:00,30.2038333333
2012-09-11 12:00:00,29.371425
2012-09-11 13:00:00,24.6628916667
2012-09-11 14:00:00,18.8441583333
2012-09-11 15:00:00,8.92271666667
2012-09-11 16:00:00,5.9567
2012-09-11 17:00:00,7.09065
2012-09-11 18:00:00,6.66394166667
2012-09-11 19:00:00,3.71985
2012-09-11 20:00:00,2.73210833333
2012-09-11 21:00:00,2.60051666667
2012-09-11 22:00:00,2.6261
2012-09-11 23:00:00,2.627925
2012-09-12 00:00:00,9.305575
2012-09-12 01:00:00,12.49545
2012-09-12 02:00:00,12.88015
2012-09-12 03:00:00,12.4588916667
2012-09-12 04:00:00,21.4766583333
2012-09-12 05:00:00,20.6442416667
2012-09-12 06:00:00,20.9859583333
2012-09-12 07:00:00,22.1729333333
2012-09-12 08:00:00,23.8862166667
2012-09-12 09:00:00,25.2083916667
2012-09-12 10:00:00,26.0207083333
2012-09-12 11:00:00,25.9229416667
2012-09-12 12:00:00,25.5117583333
2012-09-12 13:00:00,24.6290666667
2012-09-12 14:00:00,20.5839333333
2012-09-12 15:00:00,8.29224166667
2012-09-12 16:00:00,7.02486666667
2012-09-12 17:00:00,7.33280833333
2012-09-12 18:00:00,6.199775
2012-09-12 19:00:00,3.9026
2012-09-12 20:00:00,2.71016666667
2012-09-12 21:00:00,2.61513333333
2012-09-12 22:00:00,2.624275
2012-09-12 23:00:00,2.5859
2012-09-13 00:00:00,9.14019166667
2012-09-13 01:00:00,10.1909916667
2012-09-13 02:00:00,13.7445416667
2012-09-13 03:00:00,12.8189416667
2012-09-13 04:00:00,21.8951416667
2012-09-13 05:00:00,17.7503916667
2012-09-13 06:00:00,17.3520333333
2012-09-13 07:00:00,20.5355
2012-09-13 08:00:00,22.7166166667
2012-09-13 09:00:00,21.8083416667
2012-09-13 10:00:00,20.3472666667
2012-09-13 11:00:00,13.8487166667
2012-09-13 12:00:00,14.1886333333
2012-09-13 13:00:00,13.9364333333
2012-09-13 14:00:00,17.68735
2012-09-13 15:00:00,7.773225
2012-09-13 16:00:00,6.66394166667
2012-09-13 17:00:00,5.61221666667
2012-09-13 18:00:00,7.06965
2012-09-13 19:00:00,3.84686666667
2012-09-13 20:00:00,2.74305833333
2012-09-13 21:00:00,2.62794166667
2012-09-13 22:00:00,2.6133
2012-09-13 23:00:00,2.61330833333
2012-09-14 00:00:00,8.93915
2012-09-14 01:00:00,8.71711666667
2012-09-14 02:00:00,11.502225
2012-09-14 03:00:00,11.758075
2012-09-14 04:00:00,20.29975
2012-09-14 05:00:00,18.572775
2012-09-14 06:00:00,22.285325
2012-09-14 07:00:00,23.798475
2012-09-14 08:00:00,25.0247416667
2012-09-14 09:00:00,25.7347
2012-09-14 10:00:00,25.8069
2012-09-14 11:00:00,19.2781833333
2012-09-14 12:00:00,19.1658
2012-09-14 13:00:00,18.9346166667
2012-09-14 14:00:00,17.1034666667
2012-09-14 15:00:00,8.85145833333
2012-09-14 16:00:00,7.26884166667
2012-09-14 17:00:00,6.96
2012-09-14 18:00:00,7.024875
2012-09-14 19:00:00,3.68788333333
2012-09-14 20:00:00,2.7321
2012-09-14 21:00:00,2.61515
2012-09-14 22:00:00,2.596875
2012-09-14 23:00:00,2.60235
2012-09-15 00:00:00,2.609675
2012-09-15 01:00:00,2.60783333333
2012-09-15 02:00:00,2.7522
2012-09-15 03:00:00,2.59503333333
2012-09-15 04:00:00,1.867675
2012-09-15 05:00:00,26.3807333333
2012-09-15 06:00:00,29.740575
2012-09-15 07:00:00,26.9024666667
2012-09-15 08:00:00,26.630175
2012-09-15 09:00:00,26.4611333333
2012-09-15 10:00:00,11.0608833333
2012-09-15 11:00:00,8.554475
2012-09-15 12:00:00,7.40316666667
2012-09-15 13:00:00,6.6283
2012-09-15 14:00:00,2.49270833333
2012-09-15 15:00:00,1.75256666667
2012-09-15 16:00:00,2.16374166667
2012-09-15 17:00:00,2.708325
2012-09-15 18:00:00,2.6992
2012-09-15 19:00:00,2.712
2012-09-15 20:00:00,2.737575
2012-09-15 21:00:00,2.58955
2012-09-15 22:00:00,2.59686666667
2012-09-15 23:00:00,2.58773333333
2012-09-16 00:00:00,2.591375
2012-09-16 01:00:00,2.60051666667
2012-09-16 02:00:00,2.73209166667
2012-09-16 03:00:00,2.59411666667
2012-09-16 04:00:00,1.81284166667
2012-09-16 05:00:00,1.79458333333
2012-09-16 06:00:00,1.7964
2012-09-16 07:00:00,1.811025
2012-09-16 08:00:00,1.787275
2012-09-16 09:00:00,1.7617
2012-09-16 10:00:00,1.80739166667
2012-09-16 11:00:00,1.78728333333
2012-09-16 12:00:00,1.75805833333
2012-09-16 13:00:00,1.75805
2012-09-16 14:00:00,1.776325
2012-09-16 15:00:00,1.75988333333
2012-09-16 16:00:00,2.161925
2012-09-16 17:00:00,2.721125
2012-09-16 18:00:00,2.72295833333
2012-09-16 19:00:00,2.7522
2012-09-16 20:00:00,2.7321
2012-09-16 21:00:00,2.59319166667
2012-09-16 22:00:00,2.60600833333
2012-09-16 23:00:00,2.60418333333
2012-09-17 00:00:00,12.3967583333
2012-09-17 01:00:00,13.6202833333
2012-09-17 02:00:00,22.9688
2012-09-17 03:00:00,24.0168833333
2012-09-17 04:00:00,19.928775
2012-09-17 05:00:00,22.0221583333
2012-09-17 06:00:00,23.7829583333
2012-09-17 07:00:00,25.303425
2012-09-17 08:00:00,26.5452083333
2012-09-17 09:00:00,20.8725
2012-09-17 10:00:00,21.305
2012-09-17 11:00:00,20.11
2012-09-17 12:00:00,19.6225
2012-09-17 13:00:00,29.8337666667
2012-09-17 14:00:00,23.167075
2012-09-17 15:00:00,9.68295
2012-09-17 16:00:00,7.3392
2012-09-17 17:00:00,7.31726666667
2012-09-17 18:00:00,7.59595
2012-09-17 19:00:00,3.52523333333
2012-09-17 20:00:00,2.92764166667
2012-09-17 21:00:00,2.81251666667
2012-09-17 22:00:00,2.82164166667
2012-09-17 23:00:00,2.79970833333
2012-09-18 00:00:00,9.50113333333
2012-09-18 01:00:00,12.8381166667
2012-09-18 02:00:00,12.048625
2012-09-18 03:00:00,11.7927916667
2012-09-18 04:00:00,20.4094083333
2012-09-18 05:00:00,17.4708166667
2012-09-18 06:00:00,20.1243166667
2012-09-18 07:00:00,23.159775
2012-09-18 08:00:00,23.559075
2012-09-18 09:00:00,23.0866666667
2012-09-18 10:00:00,22.6764
2012-09-18 11:00:00,22.5676833333
2012-09-18 12:00:00,22.8500083333
2012-09-18 13:00:00,21.8869333333
2012-09-18 14:00:00,18.2356083333
2012-09-18 15:00:00,9.24161666667
2012-09-18 16:00:00,6.1102
2012-09-18 17:00:00,7.98795833333
2012-09-18 18:00:00,6.11935833333
2012-09-18 19:00:00,3.41924166667
2012-09-18 20:00:00,2.92398333333
2012-09-18 21:00:00,2.799725
2012-09-18 22:00:00,2.82896666667
2012-09-18 23:00:00,2.80795
2012-09-19 00:00:00,9.36589166667
2012-09-19 01:00:00,10.65245
2012-09-19 02:00:00,13.1944916667
2012-09-19 03:00:00,12.363875
2012-09-19 04:00:00,17.352925
2012-09-19 05:00:00,16.32405
2012-09-19 06:00:00,18.4786583333
2012-09-19 07:00:00,21.883275
2012-09-19 08:00:00,22.7787416667
2012-09-19 09:00:00,22.592325
2012-09-19 10:00:00,21.7690583333
2012-09-19 11:00:00,22.215875
2012-09-19 12:00:00,22.4543666667
2012-09-19 13:00:00,20.9466833333
2012-09-19 14:00:00,17.276175
2012-09-19 15:00:00,8.44483333333
2012-09-19 16:00:00,6.689525
2012-09-19 17:00:00,7.07969166667
2012-09-19 18:00:00,7.15188333333
2012-09-19 19:00:00,3.62025833333
2012-09-19 20:00:00,2.86915
2012-09-19 21:00:00,2.74854166667
2012-09-19 22:00:00,2.75585833333
2012-09-19 23:00:00,2.76043333333
2012-09-20 00:00:00,9.132875
2012-09-20 01:00:00,11.319475
2012-09-20 02:00:00,12.3611416667
2012-09-20 03:00:00,12.0230416667
2012-09-20 04:00:00,18.3489
2012-09-20 05:00:00,17.6307083333
2012-09-20 06:00:00,22.2716083333
2012-09-20 07:00:00,24.0278166667
2012-09-20 08:00:00,25.2074833333
2012-09-20 09:00:00,26.0307666667
2012-09-20 10:00:00,26.3332166667
2012-09-20 11:00:00,26.4775916667
2012-09-20 12:00:00,26.0535833333
2012-09-20 13:00:00,22.5631083333
2012-09-20 14:00:00,18.62395
2012-09-20 15:00:00,8.65590833333
2012-09-20 16:00:00,8.012625
2012-09-20 17:00:00,7.43971666667
2012-09-20 18:00:00,6.17416666667
2012-09-20 19:00:00,3.99031666667
2012-09-20 20:00:00,2.86916666667
2012-09-20 21:00:00,2.72113333333
2012-09-20 22:00:00,2.71930833333
2012-09-20 23:00:00,2.72478333333
2012-09-21 00:00:00,9.185875
2012-09-21 01:00:00,10.35455
2012-09-21 02:00:00,13.3159916667
2012-09-21 03:00:00,12.3529166667
2012-09-21 04:00:00,18.4914583333
2012-09-21 05:00:00,16.6785833333
2012-09-21 06:00:00,18.4676916667
2012-09-21 07:00:00,21.3048833333
2012-09-21 08:00:00,23.8953333333
2012-09-21 09:00:00,23.860625
2012-09-21 10:00:00,23.5709583333
2012-09-21 11:00:00,23.740925
2012-09-21 12:00:00,23.56275
2012-09-21 13:00:00,21.9344333333
2012-09-21 14:00:00,14.6245
2012-09-21 15:00:00,8.96475
2012-09-21 16:00:00,7.324575
2012-09-21 17:00:00,6.07639166667
2012-09-21 18:00:00,8.4567
2012-09-21 19:00:00,3.30500833333
2012-09-21 20:00:00,2.83628333333
2012-09-21 21:00:00,2.6937
2012-09-21 22:00:00,2.68639166667
2012-09-21 23:00:00,2.72478333333
2012-09-22 00:00:00,2.69553333333
2012-09-22 01:00:00,2.68639166667
2012-09-22 02:00:00,2.83718333333
2012-09-22 03:00:00,2.66083333333
2012-09-22 04:00:00,1.96820833333
2012-09-22 05:00:00,29.1530166667
2012-09-22 06:00:00,24.156675
2012-09-22 07:00:00,26.4922
2012-09-22 08:00:00,27.5868833333
2012-09-22 09:00:00,27.9048416667
2012-09-22 10:00:00,11.692275
2012-09-22 11:00:00,6.93899166667
2012-09-22 12:00:00,6.82294166667
2012-09-22 13:00:00,7.726625
2012-09-22 14:00:00,2.91666666667
2012-09-22 15:00:00,1.86585
2012-09-22 16:00:00,2.26791666667
2012-09-22 17:00:00,2.83080833333
2012-09-22 18:00:00,2.81250833333
2012-09-22 19:00:00,2.84358333333
2012-09-22 20:00:00,2.86369166667
2012-09-22 21:00:00,2.69554166667
2012-09-22 22:00:00,2.691875
2012-09-22 23:00:00,2.688225
2012-09-23 00:00:00,2.69736666667
2012-09-23 01:00:00,2.70651666667
2012-09-23 02:00:00,2.83263333333
2012-09-23 03:00:00,2.67363333333
2012-09-23 04:00:00,1.990125
2012-09-23 05:00:00,1.90058333333
2012-09-23 06:00:00,1.89691666667
2012-09-23 07:00:00,1.906075
2012-09-23 08:00:00,1.9143
2012-09-23 09:00:00,1.88230833333
2012-09-23 10:00:00,1.9225
2012-09-23 11:00:00,1.90423333333
2012-09-23 12:00:00,1.89875
2012-09-23 13:00:00,1.851225
2012-09-23 14:00:00,1.86220833333
2012-09-23 15:00:00,1.86585
2012-09-23 16:00:00,2.249625
2012-09-23 17:00:00,2.80153333333
2012-09-23 18:00:00,2.80155
2012-09-23 19:00:00,2.80519166667
2012-09-23 20:00:00,2.8253
2012-09-23 21:00:00,2.67725
2012-09-23 22:00:00,2.67725
2012-09-23 23:00:00,2.72659166667
2012-09-24 00:00:00,12.32275
2012-09-24 01:00:00,13.5883
2012-09-24 02:00:00,16.9143333333
2012-09-24 03:00:00,22.8180166667
2012-09-24 04:00:00,18.3397666667
2012-09-24 05:00:00,21.720625
2012-09-24 06:00:00,24.4554666667
2012-09-24 07:00:00,28.13785
2012-09-24 08:00:00,21.9575
2012-09-24 09:00:00,23.5775
2012-09-24 10:00:00,22.3
2012-09-24 11:00:00,20.0225
2012-09-24 12:00:00,30.1389583333
2012-09-24 13:00:00,30.043025
2012-09-24 14:00:00,20.9740916667
2012-09-24 15:00:00,9.954325
2012-09-24 16:00:00,8.06654166667
2012-09-24 17:00:00,8.1177
2012-09-24 18:00:00,6.72789166667
2012-09-24 19:00:00,3.95925833333
2012-09-24 20:00:00,2.83078333333
2012-09-24 21:00:00,2.68640833333
2012-09-24 22:00:00,2.68639166667
2012-09-24 23:00:00,2.67725833333
2012-09-25 00:00:00,9.1274
2012-09-25 01:00:00,11.9326
2012-09-25 02:00:00,12.7312
2012-09-25 03:00:00,12.6919
2012-09-25 04:00:00,22.5475666667
2012-09-25 05:00:00,18.5746083333
2012-09-25 06:00:00,22.3575083333
2012-09-25 07:00:00,27.8564166667
2012-09-25 08:00:00,28.0455666667
2012-09-25 09:00:00,27.8893083333
2012-09-25 10:00:00,27.8408833333
2012-09-25 11:00:00,27.0304
2012-09-25 12:00:00,26.39625
2012-09-25 13:00:00,25.70365
2012-09-25 14:00:00,17.3958666667
2012-09-25 15:00:00,8.91631666667
2012-09-25 16:00:00,6.51866666667
2012-09-25 17:00:00,8.35435833333
2012-09-25 18:00:00,5.479725
2012-09-25 19:00:00,3.58188333333
2012-09-25 20:00:00,2.84358333333
2012-09-25 21:00:00,2.69736666667
2012-09-25 22:00:00,2.6864
2012-09-25 23:00:00,2.69554166667
2012-09-26 00:00:00,9.080775
2012-09-26 01:00:00,10.01375
2012-09-26 02:00:00,11.638375
2012-09-26 03:00:00,12.66635
2012-09-26 04:00:00,19.5056916667
2012-09-26 05:00:00,14.7304916667
2012-09-26 06:00:00,16.3797916667
2012-09-26 07:00:00,18.0903333333
2012-09-26 08:00:00,18.5298333333
2012-09-26 09:00:00,18.84415
2012-09-26 10:00:00,19.4755583333
2012-09-26 11:00:00,19.0232333333
2012-09-26 12:00:00,18.7208
2012-09-26 13:00:00,17.797925
2012-09-26 14:00:00,13.426575
2012-09-26 15:00:00,9.80539166667
2012-09-26 16:00:00,7.44155
2012-09-26 17:00:00,5.93384166667
2012-09-26 18:00:00,8.48959166667
2012-09-26 19:00:00,3.29678333333
2012-09-26 20:00:00,2.85270833333
2012-09-26 21:00:00,2.71015
2012-09-26 22:00:00,2.72478333333
2012-09-26 23:00:00,2.68090833333
2012-09-27 00:00:00,8.694275
2012-09-27 01:00:00,11.0608916667
2012-09-27 02:00:00,12.0248916667
2012-09-27 03:00:00,11.9326083333
2012-09-27 04:00:00,17.0806416667
2012-09-27 05:00:00,14.308325
2012-09-27 06:00:00,15.9484916667
2012-09-27 07:00:00,18.6440583333
2012-09-27 08:00:00,19.9790333333
2012-09-27 09:00:00,19.965325
2012-09-27 10:00:00,20.324425
2012-09-27 11:00:00,20.5574416667
2012-09-27 12:00:00,20.410325
2012-09-27 13:00:00,19.1721916667
2012-09-27 14:00:00,13.1944583333
2012-09-27 15:00:00,9.52854166667
2012-09-27 16:00:00,7.91669166667
2012-09-27 17:00:00,5.90005
2012-09-27 18:00:00,9.07805833333
2012-09-27 19:00:00,3.41649166667
2012-09-27 20:00:00,2.81798333333
2012-09-27 21:00:00,2.69553333333
2012-09-27 22:00:00,2.72295833333
2012-09-27 23:00:00,2.67543333333
2012-09-28 00:00:00,8.45944166667
2012-09-28 01:00:00,9.39146666667
2012-09-28 02:00:00,12.1957583333
2012-09-28 03:00:00,13.2419833333
2012-09-28 04:00:00,20.0201416667
2012-09-28 05:00:00,15.000025
2012-09-28 06:00:00,17.8783333333
2012-09-28 07:00:00,20.0886833333
2012-09-28 08:00:00,20.9329833333
2012-09-28 09:00:00,20.8571416667
2012-09-28 10:00:00,20.6460666667
2012-09-28 11:00:00,20.3783333333
2012-09-28 12:00:00,19.58885
2012-09-28 13:00:00,18.2858583333
2012-09-28 14:00:00,13.8843666667
2012-09-28 15:00:00,9.57970833333
2012-09-28 16:00:00,7.68825
2012-09-28 17:00:00,6.10109166667
2012-09-28 18:00:00,8.29498333333
2012-09-28 19:00:00,3.272125
2012-09-28 20:00:00,2.81616666667
2012-09-28 21:00:00,2.67178333333
2012-09-28 22:00:00,2.6535
2012-09-28 23:00:00,2.68090833333
2012-09-29 00:00:00,2.67543333333
2012-09-29 01:00:00,2.66995
2012-09-29 02:00:00,2.80520833333
2012-09-29 03:00:00,2.64071666667
2012-09-29 04:00:00,1.95723333333
2012-09-29 05:00:00,27.6855416667
2012-09-29 06:00:00,23.1881
2012-09-29 07:00:00,23.2036416667
2012-09-29 08:00:00,23.0556083333
2012-09-29 09:00:00,23.2986666667
2012-09-29 10:00:00,4.47004166667
2012-09-29 11:00:00,3.47315
2012-09-29 12:00:00,8.06745
2012-09-29 13:00:00,7.68185
2012-09-29 14:00:00,2.36476666667
2012-09-29 15:00:00,2.6846
2012-09-29 16:00:00,2.77963333333
2012-09-29 17:00:00,2.786925
2012-09-29 18:00:00,2.7851
2012-09-29 19:00:00,2.79606666667
2012-09-29 20:00:00,2.8052
2012-09-29 21:00:00,2.67543333333
2012-09-29 22:00:00,2.668125
2012-09-29 23:00:00,2.66994166667
2012-09-30 00:00:00,2.67725833333
2012-09-30 01:00:00,2.695525
2012-09-30 02:00:00,2.80154166667
2012-09-30 03:00:00,2.640725
2012-09-30 04:00:00,1.9682
2012-09-30 05:00:00,1.86220833333
2012-09-30 06:00:00,1.84940833333
2012-09-30 07:00:00,1.89693333333
2012-09-30 08:00:00,1.84210833333
2012-09-30 09:00:00,1.875
2012-09-30 10:00:00,1.87683333333
2012-09-30 11:00:00,1.86769166667
2012-09-30 12:00:00,1.84393333333
2012-09-30 13:00:00,1.83845
2012-09-30 14:00:00,1.832975
2012-09-30 15:00:00,2.686425
2012-09-30 16:00:00,2.78510833333
2012-09-30 17:00:00,2.7778
2012-09-30 18:00:00,2.79606666667
2012-09-30 19:00:00,2.80520833333
2012-09-30 20:00:00,2.81068333333
2012-09-30 21:00:00,2.675425
2012-09-30 22:00:00,2.67908333333
2012-09-30 23:00:00,2.684575
2012-10-01 00:00:00,11.9864833333
2012-10-01 01:00:00,12.1308666667
2012-10-01 02:00:00,11.8805083333
2012-10-01 03:00:00,10.5044
2012-10-01 04:00:00,29.00865
2012-10-01 05:00:00,27.8125583333
2012-10-01 06:00:00,29.1722166667
2012-10-01 07:00:00,19.235
2012-10-01 08:00:00,21.0225
2012-10-01 09:00:00,24.1875
2012-10-01 10:00:00,23.9475
2012-10-01 11:00:00,18.2228083333
2012-10-01 12:00:00,19.5925166667
2012-10-01 13:00:00,19.4043
2012-10-01 14:00:00,16.325875
2012-10-01 15:00:00,13.1414583333
2012-10-01 16:00:00,9.36588333333
2012-10-01 17:00:00,7.60146666667
2012-10-01 18:00:00,7.483575
2012-10-01 19:00:00,3.28491666667
2012-10-01 20:00:00,2.796075
2012-10-01 21:00:00,2.69005
2012-10-01 22:00:00,2.648025
2012-10-01 23:00:00,2.65533333333
2012-10-02 00:00:00,10.4011583333
2012-10-02 01:00:00,11.5040666667
2012-10-02 02:00:00,13.307775
2012-10-02 03:00:00,13.11405
2012-10-02 04:00:00,27.16015
2012-10-02 05:00:00,22.1071416667
2012-10-02 06:00:00,20.382
2012-10-02 07:00:00,23.2876916667
2012-10-02 08:00:00,28.3151083333
2012-10-02 09:00:00,26.7025
2012-10-02 10:00:00,26.1875
2012-10-02 11:00:00,25.8925
2012-10-02 12:00:00,25.0475
2012-10-02 13:00:00,24.48
2012-10-02 14:00:00,20.593975
2012-10-02 15:00:00,11.82845
2012-10-02 16:00:00,7.4187
2012-10-02 17:00:00,8.321475
2012-10-02 18:00:00,6.56343333333
2012-10-02 19:00:00,3.278525
2012-10-02 20:00:00,2.79425
2012-10-02 21:00:00,2.66995833333
2012-10-02 22:00:00,2.69735833333
2012-10-02 23:00:00,2.688225
2012-10-03 00:00:00,9.12464166667
2012-10-03 01:00:00,12.040425
2012-10-03 02:00:00,11.6063916667
2012-10-03 03:00:00,13.260275
2012-10-03 04:00:00,22.2825833333
2012-10-03 05:00:00,19.093625
2012-10-03 06:00:00,21.6447916667
2012-10-03 07:00:00,23.5636416667
2012-10-03 08:00:00,24.004975
2012-10-03 09:00:00,29.3695916667
2012-10-03 10:00:00,23.055
2012-10-03 11:00:00,23.2675
2012-10-03 12:00:00,30.09235
2012-10-03 13:00:00,29.2846
2012-10-03 14:00:00,23.3068916667
2012-10-03 15:00:00,11.5113666667
2012-10-03 16:00:00,8.38544166667
2012-10-03 17:00:00,6.90425833333
2012-10-03 18:00:00,7.49178333333
2012-10-03 19:00:00,3.86786666667
2012-10-03 20:00:00,2.79241666667
2012-10-03 21:00:00,2.67909166667
2012-10-03 22:00:00,2.65715833333
2012-10-03 23:00:00,2.69188333333
2012-10-04 00:00:00,8.83865833333
2012-10-04 01:00:00,10.0128166667
2012-10-04 02:00:00,13.8277083333
2012-10-04 03:00:00,13.044625
2012-10-04 04:00:00,21.1075166667
2012-10-04 05:00:00,16.7553416667
2012-10-04 06:00:00,18.6166416667
2012-10-04 07:00:00,20.0219833333
2012-10-04 08:00:00,20.7392583333
2012-10-04 09:00:00,20.6451416667
2012-10-04 10:00:00,20.1261416667
2012-10-04 11:00:00,19.6245
2012-10-04 12:00:00,18.745475
2012-10-04 13:00:00,18.0163
2012-10-04 14:00:00,13.363525
2012-10-04 15:00:00,9.63451666667
2012-10-04 16:00:00,8.33793333333
2012-10-04 17:00:00,6.40445
2012-10-04 18:00:00,5.98138333333
2012-10-04 19:00:00,3.28308333333
2012-10-04 20:00:00,2.79058333333
2012-10-04 21:00:00,2.68275
2012-10-04 22:00:00,2.66996666667
2012-10-04 23:00:00,2.67543333333
2012-10-05 00:00:00,9.11003333333
2012-10-05 01:00:00,9.597975
2012-10-05 02:00:00,13.3297
2012-10-05 03:00:00,13.0966916667
2012-10-05 04:00:00,18.1743583333
2012-10-05 05:00:00,14.2123916667
2012-10-05 06:00:00,16.30945
2012-10-05 07:00:00,17.6681666667
2012-10-05 08:00:00,18.6148083333
2012-10-05 09:00:00,18.1524666667
2012-10-05 10:00:00,17.5512
2012-10-05 11:00:00,16.0417083333
2012-10-05 12:00:00,16.2207833333
2012-10-05 13:00:00,15.1791333333
2012-10-05 14:00:00,11.462
2012-10-05 15:00:00,9.460925
2012-10-05 16:00:00,7.02120833333
2012-10-05 17:00:00,8.16705833333
2012-10-05 18:00:00,4.95526666667
2012-10-05 19:00:00,3.317825
2012-10-05 20:00:00,2.77046666667
2012-10-05 21:00:00,2.64073333333
2012-10-05 22:00:00,2.65898333333
2012-10-05 23:00:00,2.68365
2012-10-06 00:00:00,2.651675
2012-10-06 01:00:00,2.67725833333
2012-10-06 02:00:00,2.77779166667
2012-10-06 03:00:00,2.640725
2012-10-06 04:00:00,1.89510833333
2012-10-06 05:00:00,23.4731666667
2012-10-06 06:00:00,19.77345
2012-10-06 07:00:00,20.969525
2012-10-06 08:00:00,22.0715166667
2012-10-06 09:00:00,22.3703083333
2012-10-06 10:00:00,4.30190833333
2012-10-06 11:00:00,1.86038333333
2012-10-06 12:00:00,1.820175
2012-10-06 13:00:00,1.82566666667
2012-10-06 14:00:00,1.82383333333
2012-10-06 15:00:00,2.68459166667
2012-10-06 16:00:00,2.77961666667
2012-10-06 17:00:00,2.78875833333
2012-10-06 18:00:00,2.783275
2012-10-06 19:00:00,2.78144166667
2012-10-06 20:00:00,2.799725
2012-10-06 21:00:00,2.680925
2012-10-06 22:00:00,2.66265833333
2012-10-06 23:00:00,2.644375
2012-10-07 00:00:00,2.63525
2012-10-07 01:00:00,2.644375
2012-10-07 02:00:00,2.76866666667
2012-10-07 03:00:00,2.62061666667
2012-10-07 04:00:00,1.93713333333
2012-10-07 05:00:00,1.85488333333
2012-10-07 06:00:00,1.83479166667
2012-10-07 07:00:00,1.86403333333
2012-10-07 08:00:00,1.82930833333
2012-10-07 09:00:00,1.83661666667
2012-10-07 10:00:00,1.85306666667
2012-10-07 11:00:00,1.83663333333
2012-10-07 12:00:00,1.84394166667
2012-10-07 13:00:00,1.82566666667
2012-10-07 14:00:00,1.83295833333
2012-10-07 15:00:00,2.66813333333
2012-10-07 16:00:00,2.779625
2012-10-07 17:00:00,2.783275
2012-10-07 18:00:00,2.775975
2012-10-07 19:00:00,2.779625
2012-10-07 20:00:00,2.83536666667
2012-10-07 21:00:00,2.653525
2012-10-07 22:00:00,2.65169166667
2012-10-07 23:00:00,2.66083333333
2012-10-08 00:00:00,11.41085
2012-10-08 01:00:00,12.5932333333
2012-10-08 02:00:00,13.1469583333
2012-10-08 03:00:00,10.77945
2012-10-08 04:00:00,19.7624833333
2012-10-08 05:00:00,15.159025
2012-10-08 06:00:00,15.5985416667
2012-10-08 07:00:00,18.5654666667
2012-10-08 08:00:00,18.9026333333
2012-10-08 09:00:00,18.4868916667
2012-10-08 10:00:00,13.1478833333
2012-10-08 11:00:00,11.0764166667
2012-10-08 12:00:00,10.93205
2012-10-08 13:00:00,10.48065
2012-10-08 14:00:00,8.08755833333
2012-10-08 15:00:00,10.177275
2012-10-08 16:00:00,6.48301666667
2012-10-08 17:00:00,6.61551666667
2012-10-08 18:00:00,7.65168333333
2012-10-08 19:00:00,3.61021666667
2012-10-08 20:00:00,2.7979
2012-10-08 21:00:00,2.70468333333
2012-10-08 22:00:00,2.704675
2012-10-08 23:00:00,2.66446666667
2012-10-09 00:00:00,9.05064166667
2012-10-09 01:00:00,11.4081
2012-10-09 02:00:00,12.42785
2012-10-09 03:00:00,11.5433333333
2012-10-09 04:00:00,16.5387833333
2012-10-09 05:00:00,15.2961
2012-10-09 06:00:00,17.137275
2012-10-09 07:00:00,18.988525
2012-10-09 08:00:00,19.8611666667
2012-10-09 09:00:00,20.4496083333
2012-10-09 10:00:00,18.420175
2012-10-09 11:00:00,29.9626083333
2012-10-09 12:00:00,25.4331666667
2012-10-09 13:00:00,24.132
2012-10-09 14:00:00,12.77415
2012-10-09 15:00:00,9.657375
2012-10-09 16:00:00,8.12683333333
2012-10-09 17:00:00,5.874475
2012-10-09 18:00:00,8.23559166667
2012-10-09 19:00:00,3.947375
2012-10-09 20:00:00,2.790575
2012-10-09 21:00:00,2.66265833333
2012-10-09 22:00:00,2.66996666667
2012-10-09 23:00:00,2.65715833333
2012-10-10 00:00:00,8.05009166667
2012-10-10 01:00:00,9.5925
2012-10-10 02:00:00,10.3618666667
2012-10-10 03:00:00,10.137075
2012-10-10 04:00:00,18.648625
2012-10-10 05:00:00,13.9601916667
2012-10-10 06:00:00,14.025075
2012-10-10 07:00:00,15.491625
2012-10-10 08:00:00,17.5566916667
2012-10-10 09:00:00,18.6138916667
2012-10-10 10:00:00,18.4430166667
2012-10-10 11:00:00,17.544825
2012-10-10 12:00:00,17.2533333333
2012-10-10 13:00:00,16.0892166667
2012-10-10 14:00:00,12.3629583333
2012-10-10 15:00:00,9.36498333333
2012-10-10 16:00:00,6.45105
2012-10-10 17:00:00,6.0033
2012-10-10 18:00:00,8.30230833333
2012-10-10 19:00:00,3.8953
2012-10-10 20:00:00,2.77414166667
2012-10-10 21:00:00,2.67178333333
2012-10-10 22:00:00,2.684575
2012-10-10 23:00:00,2.68184166667
2012-10-11 00:00:00,7.8774
2012-10-11 01:00:00,8.11314166667
2012-10-11 02:00:00,9.11003333333
2012-10-11 03:00:00,9.67198333333
2012-10-11 04:00:00,15.7511333333
2012-10-11 05:00:00,13.0537666667
2012-10-11 06:00:00,12.3949416667
2012-10-11 07:00:00,12.9523416667
2012-10-11 08:00:00,12.725725
2012-10-11 09:00:00,13.5143
2012-10-11 10:00:00,14.62905
2012-10-11 11:00:00,16.1020083333
2012-10-11 12:00:00,16.0800833333
2012-10-11 13:00:00,15.4185416667
2012-10-11 14:00:00,11.1495333333
2012-10-11 15:00:00,9.0406
2012-10-11 16:00:00,6.35601666667
2012-10-11 17:00:00,5.87264166667
2012-10-11 18:00:00,8.28310833333
2012-10-11 19:00:00,3.946475
2012-10-11 20:00:00,2.76135
2012-10-11 21:00:00,2.65535
2012-10-11 22:00:00,2.67179166667
2012-10-11 23:00:00,2.66630833333
2012-10-12 00:00:00,8.09668333333
2012-10-12 01:00:00,5.84705
2012-10-12 02:00:00,8.85875
2012-10-12 03:00:00,8.65590833333
2012-10-12 04:00:00,14.2069
2012-10-12 05:00:00,11.9399083333
2012-10-12 06:00:00,12.6389166667
2012-10-12 07:00:00,12.9633
2012-10-12 08:00:00,14.0872166667
2012-10-12 09:00:00,14.904075
2012-10-12 10:00:00,15.4943666667
2012-10-12 11:00:00,15.3564
2012-10-12 12:00:00,15.2741666667
2012-10-12 13:00:00,14.6710833333
2012-10-12 14:00:00,11.0599583333
2012-10-12 15:00:00,9.038775
2012-10-12 16:00:00,6.23631666667
2012-10-12 17:00:00,5.72461666667
2012-10-12 18:00:00,8.02085833333
2012-10-12 19:00:00,3.88706666667
2012-10-12 20:00:00,2.77778333333
2012-10-12 21:00:00,2.653525
2012-10-12 22:00:00,2.677275
2012-10-12 23:00:00,2.6462
2012-10-13 00:00:00,2.65898333333
2012-10-13 01:00:00,2.6462
2012-10-13 02:00:00,2.7924
2012-10-13 03:00:00,2.62428333333
2012-10-13 04:00:00,1.90239166667
2012-10-13 05:00:00,16.0545
2012-10-13 06:00:00,11.90975
2012-10-13 07:00:00,11.7151166667
2012-10-13 08:00:00,12.3227583333
2012-10-13 09:00:00,12.3666333333
2012-10-13 10:00:00,3.04369166667
2012-10-13 11:00:00,1.83115
2012-10-13 12:00:00,1.81468333333
2012-10-13 13:00:00,1.83295833333
2012-10-13 14:00:00,1.83661666667
2012-10-13 15:00:00,2.688225
2012-10-13 16:00:00,2.77779166667
2012-10-13 17:00:00,2.790575
2012-10-13 18:00:00,2.77964166667
2012-10-13 19:00:00,2.78145
2012-10-13 20:00:00,2.807025
2012-10-13 21:00:00,2.65716666667
2012-10-13 22:00:00,2.64438333333
2012-10-13 23:00:00,2.67360833333
2012-10-14 00:00:00,2.64803333333
2012-10-14 01:00:00,2.644375
2012-10-14 02:00:00,2.76865
2012-10-14 03:00:00,2.62246666667
2012-10-14 04:00:00,1.92251666667
2012-10-14 05:00:00,1.8549
2012-10-14 06:00:00,1.82384166667
2012-10-14 07:00:00,1.83113333333
2012-10-14 08:00:00,1.864025
2012-10-14 09:00:00,1.83478333333
2012-10-14 10:00:00,1.860375
2012-10-14 11:00:00,1.86220833333
2012-10-14 12:00:00,1.83479166667
2012-10-14 13:00:00,1.822
2012-10-14 14:00:00,1.81468333333
2012-10-14 15:00:00,2.67910833333
2012-10-14 16:00:00,2.775975
2012-10-14 17:00:00,2.78875833333
2012-10-14 18:00:00,2.750375
2012-10-14 19:00:00,2.7851
2012-10-14 20:00:00,2.7778
2012-10-14 21:00:00,2.66083333333
2012-10-14 22:00:00,2.64436666667
2012-10-14 23:00:00,2.6389
2012-10-15 00:00:00,10.05575
2012-10-15 01:00:00,10.279625
2012-10-15 02:00:00,13.194475
2012-10-15 03:00:00,12.7613666667
2012-10-15 04:00:00,18.480475
2012-10-15 05:00:00,15.9256666667
2012-10-15 06:00:00,18.2520333333
2012-10-15 07:00:00,20.154475
2012-10-15 08:00:00,21.1285166667
2012-10-15 09:00:00,22.1263333333
2012-10-15 10:00:00,21.88145
2012-10-15 11:00:00,21.0700333333
2012-10-15 12:00:00,20.5665666667
2012-10-15 13:00:00,19.8903916667
2012-10-15 14:00:00,14.5294583333
2012-10-15 15:00:00,10.1891666667
2012-10-15 16:00:00,8.33153333333
2012-10-15 17:00:00,6.43185
2012-10-15 18:00:00,6.72151666667
2012-10-15 19:00:00,3.86879166667
2012-10-15 20:00:00,2.765
2012-10-15 21:00:00,2.65900833333
2012-10-15 22:00:00,2.65899166667
2012-10-15 23:00:00,2.64073333333
2012-10-16 00:00:00,8.70340833333
2012-10-16 01:00:00,10.3481666667
2012-10-16 02:00:00,10.1334416667
2012-10-16 03:00:00,11.2317583333
2012-10-16 04:00:00,17.4123166667
2012-10-16 05:00:00,14.54315
2012-10-16 06:00:00,16.3496416667
2012-10-16 07:00:00,18.3087083333
2012-10-16 08:00:00,19.882175
2012-10-16 09:00:00,19.4079333333
2012-10-16 10:00:00,18.6732833333
2012-10-16 11:00:00,18.53715
2012-10-16 12:00:00,18.6440583333
2012-10-16 13:00:00,17.9788416667
2012-10-16 14:00:00,13.0565083333
2012-10-16 15:00:00,9.81454166667
2012-10-16 16:00:00,6.44099166667
2012-10-16 17:00:00,8.47681666667
2012-10-16 18:00:00,5.48246666667
2012-10-16 19:00:00,3.32055
2012-10-16 20:00:00,2.78875833333
2012-10-16 21:00:00,2.65716666667
2012-10-16 22:00:00,2.65170833333
2012-10-16 23:00:00,2.66631666667
2012-10-17 00:00:00,8.495075
2012-10-17 01:00:00,9.39875833333
2012-10-17 02:00:00,10.0630833333
2012-10-17 03:00:00,9.9781
2012-10-17 04:00:00,18.851475
2012-10-17 05:00:00,22.3081666667
2012-10-17 06:00:00,17.410475
2012-10-17 07:00:00,19.8629833333
2012-10-17 08:00:00,21.6182916667
2012-10-17 09:00:00,22.7047333333
2012-10-17 10:00:00,22.702
2012-10-17 11:00:00,20.7164166667
2012-10-17 12:00:00,20.7383583333
2012-10-17 13:00:00,19.4454
2012-10-17 14:00:00,14.2361416667
2012-10-17 15:00:00,10.10875
2012-10-17 16:00:00,6.75165833333
2012-10-17 17:00:00,8.31874166667
2012-10-17 18:00:00,5.38654166667
2012-10-17 19:00:00,3.7555
2012-10-17 20:00:00,2.75585
2012-10-17 21:00:00,2.64805
2012-10-17 22:00:00,2.64255833333
2012-10-17 23:00:00,2.63343333333
2012-10-18 00:00:00,9.06433333333
2012-10-18 01:00:00,8.7162
2012-10-18 02:00:00,12.1500666667
2012-10-18 03:00:00,12.806125
2012-10-18 04:00:00,22.1966916667
2012-10-18 05:00:00,16.1815166667
2012-10-18 06:00:00,16.2345
2012-10-18 07:00:00,16.6456833333
2012-10-18 08:00:00,17.7166
2012-10-18 09:00:00,19.0150166667
2012-10-18 10:00:00,19.065275
2012-10-18 11:00:00,17.0888416667
2012-10-18 12:00:00,16.3012
2012-10-18 13:00:00,15.6213916667
2012-10-18 14:00:00,11.60365
2012-10-18 15:00:00,9.44173333333
2012-10-18 16:00:00,7.502775
2012-10-18 17:00:00,5.825125
2012-10-18 18:00:00,8.19536666667
2012-10-18 19:00:00,3.91448333333
2012-10-18 20:00:00,2.75950833333
2012-10-18 21:00:00,2.65534166667
2012-10-18 22:00:00,2.65169166667
2012-10-18 23:00:00,2.6316
2012-10-19 00:00:00,8.157925
2012-10-19 01:00:00,8.72261666667
2012-10-19 02:00:00,10.1188166667
2012-10-19 03:00:00,10.146225
2012-10-19 04:00:00,17.7357916667
2012-10-19 05:00:00,14.5340083333
2012-10-19 06:00:00,16.8348333333
2012-10-19 07:00:00,18.2429083333
2012-10-19 08:00:00,19.331175
2012-10-19 09:00:00,19.9908916667
2012-10-19 10:00:00,18.5015
2012-10-19 11:00:00,17.331
2012-10-19 12:00:00,15.69265
2012-10-19 13:00:00,14.5842833333
2012-10-19 14:00:00,11.048075
2012-10-19 15:00:00,9.246175
2012-10-19 16:00:00,6.6548
2012-10-19 17:00:00,8.670525
2012-10-19 18:00:00,5.27138333333
2012-10-19 19:00:00,3.372625
2012-10-19 20:00:00,2.89109166667
2012-10-19 21:00:00,2.74853333333
2012-10-19 22:00:00,2.75219166667
2012-10-19 23:00:00,2.73209166667
2012-10-20 00:00:00,2.73391666667
2012-10-20 01:00:00,2.72843333333
2012-10-20 02:00:00,2.874625
2012-10-20 03:00:00,2.72294166667
2012-10-20 04:00:00,1.982825
2012-10-20 05:00:00,24.1347333333
2012-10-20 06:00:00,19.4380833333
2012-10-20 07:00:00,18.0336583333
2012-10-20 08:00:00,17.870125
2012-10-20 09:00:00,17.9623833333
2012-10-20 10:00:00,3.99304166667
2012-10-20 11:00:00,1.9408
2012-10-20 12:00:00,1.92433333333
2012-10-20 13:00:00,1.95358333333
2012-10-20 14:00:00,1.93164166667
2012-10-20 15:00:00,2.79239166667
2012-10-20 16:00:00,2.89289166667
2012-10-20 17:00:00,2.88740833333
2012-10-20 18:00:00,2.89106666667
2012-10-20 19:00:00,2.8929
2012-10-20 20:00:00,2.90568333333
2012-10-20 21:00:00,2.75769166667
2012-10-20 22:00:00,2.78328333333
2012-10-20 23:00:00,2.76316666667
2012-10-21 00:00:00,2.74854166667
2012-10-21 01:00:00,2.76499166667
2012-10-21 02:00:00,2.90388333333
2012-10-21 03:00:00,2.75584166667
2012-10-21 04:00:00,1.98465
2012-10-21 05:00:00,1.95540833333
2012-10-21 06:00:00,1.92616666667
2012-10-21 07:00:00,1.973675
2012-10-21 08:00:00,1.92434166667
2012-10-21 09:00:00,1.93530833333
2012-10-21 10:00:00,1.97368333333
2012-10-21 11:00:00,1.953575
2012-10-21 12:00:00,1.93529166667
2012-10-21 13:00:00,1.92983333333
2012-10-21 14:00:00,1.92980833333
2012-10-21 15:00:00,2.81706666667
2012-10-21 16:00:00,2.88923333333
2012-10-21 17:00:00,2.90935
2012-10-21 18:00:00,2.8929
2012-10-21 19:00:00,2.887425
2012-10-21 20:00:00,2.89655
2012-10-21 21:00:00,2.75950833333
2012-10-21 22:00:00,2.761325
2012-10-21 23:00:00,2.74854166667
2012-10-22 00:00:00,10.309775
2012-10-22 01:00:00,9.41523333333
2012-10-22 02:00:00,12.4936333333
2012-10-22 03:00:00,12.5055
2012-10-22 04:00:00,17.1710916667
2012-10-22 05:00:00,13.6303333333
2012-10-22 06:00:00,13.0912083333
2012-10-22 07:00:00,14.0232416667
2012-10-22 08:00:00,14.114625
2012-10-22 09:00:00,14.4216333333
2012-10-22 10:00:00,15.1371
2012-10-22 11:00:00,14.9507
2012-10-22 12:00:00,15.2184083333
2012-10-22 13:00:00,15.0776916667
2012-10-22 14:00:00,10.9548833333
2012-10-22 15:00:00,9.29095833333
2012-10-22 16:00:00,5.80865833333
2012-10-22 17:00:00,5.83608333333
2012-10-22 18:00:00,8.88983333333
2012-10-22 19:00:00,3.641275
2012-10-22 20:00:00,2.87829166667
2012-10-22 21:00:00,2.750375
2012-10-22 22:00:00,2.77961666667
2012-10-22 23:00:00,2.74670833333
2012-10-23 00:00:00,8.431125
2012-10-23 01:00:00,8.477725
2012-10-23 02:00:00,7.56489166667
2012-10-23 03:00:00,9.27906666667
2012-10-23 04:00:00,17.092525
2012-10-23 05:00:00,19.331175
2012-10-23 06:00:00,19.337575
2012-10-23 07:00:00,19.98725
2012-10-23 08:00:00,21.710575
2012-10-23 09:00:00,21.74255
2012-10-23 10:00:00,21.42185
2012-10-23 11:00:00,18.9839833333
2012-10-23 12:00:00,14.078075
2012-10-23 13:00:00,13.04095
2012-10-23 14:00:00,9.48925
2012-10-23 15:00:00,8.54169166667
2012-10-23 16:00:00,6.394375
2012-10-23 17:00:00,5.88450833333
2012-10-23 18:00:00,6.074575
2012-10-23 19:00:00,3.383575
2012-10-23 20:00:00,2.922125
2012-10-23 21:00:00,2.78326666667
2012-10-23 22:00:00,2.77413333333
2012-10-23 23:00:00,2.76135
2012-10-24 00:00:00,8.4229
2012-10-24 01:00:00,6.38433333333
2012-10-24 02:00:00,8.83591666667
2012-10-24 03:00:00,8.53255833333
2012-10-24 04:00:00,13.9117583333
2012-10-24 05:00:00,11.6986833333
2012-10-24 06:00:00,12.1838666667
2012-10-24 07:00:00,12.495475
2012-10-24 08:00:00,13.9757333333
2012-10-24 09:00:00,14.2864083333
2012-10-24 10:00:00,14.53495
2012-10-24 11:00:00,14.2772583333
2012-10-24 12:00:00,14.2407166667
2012-10-24 13:00:00,13.7244416667
2012-10-24 14:00:00,10.1261083333
2012-10-24 15:00:00,8.874275
2012-10-24 16:00:00,5.86716666667
2012-10-24 17:00:00,5.91101666667
2012-10-24 18:00:00,5.97041666667
2012-10-24 19:00:00,3.42013333333
2012-10-24 20:00:00,2.94043333333
2012-10-24 21:00:00,2.803375
2012-10-24 22:00:00,2.80155
2012-10-24 23:00:00,2.79240833333
2012-10-25 00:00:00,8.57366666667
2012-10-25 01:00:00,6.25825833333
2012-10-25 02:00:00,8.11496666667
2012-10-25 03:00:00,11.0133583333
2012-10-25 04:00:00,12.580425
2012-10-25 05:00:00,10.9430083333
2012-10-25 06:00:00,12.6325
2012-10-25 07:00:00,15.3152833333
2012-10-25 08:00:00,15.8388583333
2012-10-25 09:00:00,15.863525
2012-10-25 10:00:00,15.9786583333
2012-10-25 11:00:00,15.8397666667
2012-10-25 12:00:00,15.8032083333
2012-10-25 13:00:00,15.5839333333
2012-10-25 14:00:00,12.324575
2012-10-25 15:00:00,9.90500833333
2012-10-25 16:00:00,7.43514166667
2012-10-25 17:00:00,6.92528333333
2012-10-25 18:00:00,9.37501666667
2012-10-25 19:00:00,4.0625
2012-10-25 20:00:00,2.94223333333
2012-10-25 21:00:00,2.80701666667
2012-10-25 22:00:00,2.799725
2012-10-25 23:00:00,2.79240833333
2012-10-26 00:00:00,9.05338333333
2012-10-26 01:00:00,8.28035
2012-10-26 02:00:00,10.18095
2012-10-26 03:00:00,9.45268333333
2012-10-26 04:00:00,15.5702083333
2012-10-26 05:00:00,15.244925
2012-10-26 06:00:00,14.7131083333
2012-10-26 07:00:00,15.8150916667
2012-10-26 08:00:00,16.6082333333
2012-10-26 09:00:00,17.14915
2012-10-26 10:00:00,17.0385916667
2012-10-26 11:00:00,16.59635
2012-10-26 12:00:00,16.1477
2012-10-26 13:00:00,15.4185333333
2012-10-26 14:00:00,11.6995833333
2012-10-26 15:00:00,9.13379166667
2012-10-26 16:00:00,6.65299166667
2012-10-26 17:00:00,6.85855833333
2012-10-26 18:00:00,6.87320833333
2012-10-26 19:00:00,3.50055
2012-10-26 20:00:00,2.90934166667
2012-10-26 21:00:00,2.799725
2012-10-26 22:00:00,2.79606666667
2012-10-26 23:00:00,2.79240833333
2012-10-27 00:00:00,2.7851
2012-10-27 01:00:00,2.81433333333
2012-10-27 02:00:00,2.90205
2012-10-27 03:00:00,2.96235833333
2012-10-27 04:00:00,2.02304166667
2012-10-27 05:00:00,18.80945
2012-10-27 06:00:00,14.0689333333
2012-10-27 07:00:00,14.1612333333
2012-10-27 08:00:00,14.291875
2012-10-27 09:00:00,14.1977666667
2012-10-27 10:00:00,3.4302
2012-10-27 11:00:00,1.9536
2012-10-27 12:00:00,1.955425
2012-10-27 13:00:00,1.96273333333
2012-10-27 14:00:00,1.94446666667
2012-10-27 15:00:00,2.46346666667
2012-10-27 16:00:00,2.91484166667
2012-10-27 17:00:00,2.918475
2012-10-27 18:00:00,2.93676666667
2012-10-27 19:00:00,2.91118333333
2012-10-27 20:00:00,2.93679166667
2012-10-27 21:00:00,2.79424166667
2012-10-27 22:00:00,2.81525833333
2012-10-27 23:00:00,2.78875833333
2012-10-28 00:00:00,2.772325
2012-10-28 01:00:00,2.78510833333
2012-10-28 02:00:00,2.925825
2012-10-28 03:00:00,2.97514166667
2012-10-28 04:00:00,2.0614
2012-10-28 05:00:00,1.95909166667
2012-10-28 06:00:00,1.97735833333
2012-10-28 07:00:00,2.01756666667
2012-10-28 08:00:00,1.95908333333
2012-10-28 09:00:00,1.96638333333
2012-10-28 10:00:00,2.00476666667
2012-10-28 11:00:00,1.97551666667
2012-10-28 12:00:00,1.95724166667
2012-10-28 13:00:00,1.97185833333
2012-10-28 14:00:00,1.94445
2012-10-28 15:00:00,2.47808333333
2012-10-28 16:00:00,2.91118333333
2012-10-28 17:00:00,2.91850833333
2012-10-28 18:00:00,2.927625
2012-10-28 19:00:00,2.91483333333
2012-10-28 20:00:00,2.92764166667
2012-10-28 21:00:00,2.786925
2012-10-28 22:00:00,2.7778
2012-10-28 23:00:00,2.786925
2012-10-29 00:00:00,10.8114333333
2012-10-29 01:00:00,12.05595
2012-10-29 02:00:00,12.605125
2012-10-29 03:00:00,13.4804833333
2012-10-29 04:00:00,18.0528583333
2012-10-29 05:00:00,15.8342833333
2012-10-29 06:00:00,17.82625
2012-10-29 07:00:00,19.16945
2012-10-29 08:00:00,19.7149666667
2012-10-29 09:00:00,20.1060416667
2012-10-29 10:00:00,23.7043583333
2012-10-29 11:00:00,23.52345
2012-10-29 12:00:00,23.0208833333
2012-10-29 13:00:00,22.4388416667
2012-10-29 14:00:00,17.5603416667
2012-10-29 15:00:00,11.049925
2012-10-29 16:00:00,9.59340833333
2012-10-29 17:00:00,9.1795
2012-10-29 18:00:00,9.01866666667
2012-10-29 19:00:00,4.05610833333
2012-10-29 20:00:00,2.93128333333
2012-10-29 21:00:00,2.80520833333
2012-10-29 22:00:00,2.81799166667
2012-10-29 23:00:00,2.82346666667
2012-10-30 00:00:00,9.90864166667
2012-10-30 01:00:00,10.8096
2012-10-30 02:00:00,10.7575166667
2012-10-30 03:00:00,12.051375
2012-10-30 04:00:00,17.1062166667
2012-10-30 05:00:00,14.683875
2012-10-30 06:00:00,16.2144
2012-10-30 07:00:00,17.6380166667
2012-10-30 08:00:00,15.258625
2012-10-30 09:00:00,26.8887666667
2012-10-30 10:00:00,25.7529833333
2012-10-30 11:00:00,23.76375
2012-10-30 12:00:00,23.3644416667
2012-10-30 13:00:00,22.0514
2012-10-30 14:00:00,17.0258
2012-10-30 15:00:00,10.2202416667
2012-10-30 16:00:00,7.63525
2012-10-30 17:00:00,9.81270833333
2012-10-30 18:00:00,6.15406666667
2012-10-30 19:00:00,3.53619166667
2012-10-30 20:00:00,2.91483333333
2012-10-30 21:00:00,2.8125
2012-10-30 22:00:00,2.78326666667
2012-10-30 23:00:00,2.77048333333
2012-10-31 00:00:00,9.35858333333
2012-10-31 01:00:00,10.4020666667
2012-10-31 02:00:00,12.0650916667
2012-10-31 03:00:00,13.0446333333
2012-10-31 04:00:00,18.4530916667
2012-10-31 05:00:00,18.8286166667
2012-10-31 06:00:00,19.971725
2012-10-31 07:00:00,22.129975
2012-10-31 08:00:00,21.916175
2012-10-31 09:00:00,22.5347666667
2012-10-31 10:00:00,22.906675
2012-10-31 11:00:00,22.1839
2012-10-31 12:00:00,22.27435
2012-10-31 13:00:00,21.3268
2012-10-31 14:00:00,16.7032666667
2012-10-31 15:00:00,9.922375
2012-10-31 16:00:00,7.42233333333
2012-10-31 17:00:00,6.98466666667
2012-10-31 18:00:00,9.58425833333
2012-10-31 19:00:00,3.50146666667
2012-10-31 20:00:00,2.929475
2012-10-31 21:00:00,2.78509166667
2012-10-31 22:00:00,2.83261666667
2012-10-31 23:00:00,2.78145
2012-11-01 00:00:00,8.86970833333
2012-11-01 01:00:00,10.0786083333
2012-11-01 02:00:00,11.6603
2012-11-01 03:00:00,13.7144
2012-11-01 04:00:00,17.8966083333
2012-11-01 05:00:00,18.040975
2012-11-01 06:00:00,17.2332083333
2012-11-01 07:00:00,19.2398083333
2012-11-01 08:00:00,20.283325
2012-11-01 09:00:00,20.377425
2012-11-01 10:00:00,20.2111166667
2012-11-01 11:00:00,20.48525
2012-11-01 12:00:00,19.8885583333
2012-11-01 13:00:00,18.2831166667
2012-11-01 14:00:00,14.9699
2012-11-01 15:00:00,9.793525
2012-11-01 16:00:00,7.42144166667
2012-11-01 17:00:00,6.93806666667
2012-11-01 18:00:00,9.64459166667
2012-11-01 19:00:00,3.47863333333
2012-11-01 20:00:00,2.90935
2012-11-01 21:00:00,2.79424166667
2012-11-01 22:00:00,2.770475
2012-11-01 23:00:00,2.7522
2012-11-02 00:00:00,8.71985833333
2012-11-02 01:00:00,9.97626666667
2012-11-02 02:00:00,9.877575
2012-11-02 03:00:00,11.0316416667
2012-11-02 04:00:00,17.439725
2012-11-02 05:00:00,17.30815
2012-11-02 06:00:00,18.0848333333
2012-11-02 07:00:00,20.4715333333
2012-11-02 08:00:00,21.0462583333
2012-11-02 09:00:00,21.4245833333
2012-11-02 10:00:00,21.3679166667
2012-11-02 11:00:00,20.9567333333
2012-11-02 12:00:00,20.5546833333
2012-11-02 13:00:00,19.5696833333
2012-11-02 14:00:00,15.1215583333
2012-11-02 15:00:00,9.97444166667
2012-11-02 16:00:00,7.70378333333
2012-11-02 17:00:00,8.85693333333
2012-11-02 18:00:00,8.50880833333
2012-11-02 19:00:00,6.78545
2012-11-02 20:00:00,6.70688333333
2012-11-02 21:00:00,6.68314166667
2012-11-02 22:00:00,6.73339166667
2012-11-02 23:00:00,3.28033333333
2012-11-03 00:00:00,2.72295
2012-11-03 01:00:00,2.73025833333
2012-11-03 02:00:00,2.84358333333
2012-11-03 03:00:00,3.02449166667
2012-11-03 04:00:00,1.959075
2012-11-03 05:00:00,16.8659083333
2012-11-03 06:00:00,16.7562416667
2012-11-03 07:00:00,17.659925
2012-11-03 08:00:00,18.236525
2012-11-03 09:00:00,18.533475
2012-11-03 10:00:00,9.78345833333
2012-11-03 11:00:00,7.87374166667
2012-11-03 12:00:00,7.93496666667
2012-11-03 13:00:00,7.55118333333
2012-11-03 14:00:00,6.819275
2012-11-03 15:00:00,2.7257
2012-11-03 16:00:00,2.89839166667
2012-11-03 17:00:00,2.8655
2012-11-03 18:00:00,2.86550833333
2012-11-03 19:00:00,2.856375
2012-11-03 20:00:00,2.87098333333
2012-11-03 21:00:00,2.746725
2012-11-03 22:00:00,2.71565
2012-11-03 23:00:00,2.71565
2012-11-04 00:00:00,2.75676666667
2012-11-04 01:00:00,2.74853333333
2012-11-04 01:00:00,2.74123333333
2012-11-04 02:00:00,2.75586666667
2012-11-04 03:00:00,2.13268333333
2012-11-04 04:00:00,2.00658333333
2012-11-04 05:00:00,7.31545833333
2012-11-04 06:00:00,5.69721666667
2012-11-04 07:00:00,5.11331666667
2012-11-04 08:00:00,7.22131666667
2012-11-04 09:00:00,5.499825
2012-11-04 10:00:00,5.035675
2012-11-04 11:00:00,5.43860833333
2012-11-04 12:00:00,6.7599
2012-11-04 13:00:00,5.02286666667
2012-11-04 14:00:00,5.642375
2012-11-04 15:00:00,6.098325
2012-11-04 16:00:00,3.33059166667
2012-11-04 17:00:00,2.85271666667
2012-11-04 18:00:00,2.85455
2012-11-04 19:00:00,2.856375
2012-11-04 20:00:00,2.86916666667
2012-11-04 21:00:00,2.72479166667
2012-11-04 22:00:00,2.74671666667
2012-11-04 23:00:00,2.71748333333
2012-11-05 00:00:00,9.83371666667
2012-11-05 01:00:00,11.1586416667
2012-11-05 02:00:00,12.27525
2012-11-05 03:00:00,12.7083666667
2012-11-05 04:00:00,19.3723
2012-11-05 05:00:00,20.9256583333
2012-11-05 06:00:00,21.4355333333
2012-11-05 07:00:00,22.6763916667
2012-11-05 08:00:00,25.9795916667
2012-11-05 09:00:00,26.1458833333
2012-11-05 10:00:00,25.499875
2012-11-05 11:00:00,24.9406666667
2012-11-05 12:00:00,22.7778333333
2012-11-05 13:00:00,19.9817666667
2012-11-05 14:00:00,15.4148833333
2012-11-05 15:00:00,10.0146416667
2012-11-05 16:00:00,8.92546666667
2012-11-05 17:00:00,9.05429166667
2012-11-05 18:00:00,6.52595833333
2012-11-05 19:00:00,3.51974166667
2012-11-05 20:00:00,2.91666666667
2012-11-05 21:00:00,2.779625
2012-11-05 22:00:00,2.81434166667
2012-11-05 23:00:00,2.77599166667
2012-11-06 00:00:00,9.16486666667
2012-11-06 01:00:00,9.73228333333
2012-11-06 02:00:00,10.5720333333
2012-11-06 03:00:00,10.3518083333
2012-11-06 04:00:00,18.6266916667
2012-11-06 05:00:00,22.7001583333
2012-11-06 06:00:00,26.757175
2012-11-06 07:00:00,29.0634666667
2012-11-06 08:00:00,23.323325
2012-11-06 09:00:00,22.9852583333
2012-11-06 10:00:00,22.8737666667
2012-11-06 11:00:00,22.7001583333
2012-11-06 12:00:00,21.9435833333
2012-11-06 13:00:00,20.3298916667
2012-11-06 14:00:00,16.272875
2012-11-06 15:00:00,10.3125333333
2012-11-06 16:00:00,8.325125
2012-11-06 17:00:00,6.87229166667
2012-11-06 18:00:00,9.2471
2012-11-06 19:00:00,4.08353333333
2012-11-06 20:00:00,2.90203333333
2012-11-06 21:00:00,2.7796
2012-11-06 22:00:00,2.81249166667
2012-11-06 23:00:00,2.77595
2012-11-07 00:00:00,9.18679166667
2012-11-07 01:00:00,9.19685
2012-11-07 02:00:00,10.2513
2012-11-07 03:00:00,11.545175
2012-11-07 04:00:00,16.8603916667
2012-11-07 05:00:00,17.5557833333
2012-11-07 06:00:00,19.3613416667
2012-11-07 07:00:00,20.667075
2012-11-07 08:00:00,21.355125
2012-11-07 09:00:00,21.526
2012-11-07 10:00:00,21.4428416667
2012-11-07 11:00:00,21.2199
2012-11-07 12:00:00,20.6844333333
2012-11-07 13:00:00,19.4910833333
2012-11-07 14:00:00,15.7090916667
2012-11-07 15:00:00,10.4185166667
2012-11-07 16:00:00,6.831175
2012-11-07 17:00:00,6.86679166667
2012-11-07 18:00:00,9.99728333333
2012-11-07 19:00:00,3.729
2012-11-07 20:00:00,2.88193333333
2012-11-07 21:00:00,2.761325
2012-11-07 22:00:00,2.764975
2012-11-07 23:00:00,2.75036666667
2012-11-08 00:00:00,8.902625
2012-11-08 01:00:00,9.513
2012-11-08 02:00:00,10.5820916667
2012-11-08 03:00:00,10.2714083333
2012-11-08 04:00:00,18.0336583333
2012-11-08 05:00:00,18.5883
2012-11-08 06:00:00,20.5729666667
2012-11-08 07:00:00,21.2993833333
2012-11-08 08:00:00,20.2641333333
2012-11-08 09:00:00,20.4724416667
2012-11-08 10:00:00,20.587575
2012-11-08 11:00:00,19.6007416667
2012-11-08 12:00:00,19.3394083333
2012-11-08 13:00:00,18.6851583333
2012-11-08 14:00:00,15.5994666667
2012-11-08 15:00:00,10.4724333333
2012-11-08 16:00:00,6.8412
2012-11-08 17:00:00,6.84578333333
2012-11-08 18:00:00,6.98101666667
2012-11-08 19:00:00,3.74453333333
2012-11-08 20:00:00,2.883775
2012-11-08 21:00:00,2.74671666667
2012-11-08 22:00:00,2.78326666667
2012-11-08 23:00:00,2.737575
2012-11-09 00:00:00,9.62173333333
2012-11-09 01:00:00,9.81178333333
2012-11-09 02:00:00,8.40735833333
2012-11-09 03:00:00,9.54863333333
2012-11-09 04:00:00,17.0075416667
2012-11-09 05:00:00,18.4740833333
2012-11-09 06:00:00,18.768325
2012-11-09 07:00:00,19.2809333333
2012-11-09 08:00:00,18.9931
2012-11-09 09:00:00,19.3412333333
2012-11-09 10:00:00,19.4700833333
2012-11-09 11:00:00,19.3933166667
2012-11-09 12:00:00,18.9885333333
2012-11-09 13:00:00,17.814375
2012-11-09 14:00:00,14.647325
2012-11-09 15:00:00,9.80448333333
2012-11-09 16:00:00,7.22406666667
2012-11-09 17:00:00,8.736325
2012-11-09 18:00:00,6.42271666667
2012-11-09 19:00:00,3.92635833333
2012-11-09 20:00:00,2.95139166667
2012-11-09 21:00:00,2.80336666667
2012-11-09 22:00:00,2.79425
2012-11-09 23:00:00,2.79058333333
2012-11-10 00:00:00,2.77961666667
2012-11-10 01:00:00,2.78509166667
2012-11-10 02:00:00,2.90388333333
2012-11-10 03:00:00,2.249625
2012-11-10 04:00:00,2.01756666667
2012-11-10 05:00:00,16.8668166667
2012-11-10 06:00:00,16.0481
2012-11-10 07:00:00,16.7014416667
2012-11-10 08:00:00,17.097075
2012-11-10 09:00:00,16.6374666667
2012-11-10 10:00:00,3.62666666667
2012-11-10 11:00:00,1.9737
2012-11-10 12:00:00,1.97004166667
2012-11-10 13:00:00,1.968225
2012-11-10 14:00:00,2.68824166667
2012-11-10 15:00:00,2.933125
2012-11-10 16:00:00,2.93678333333
2012-11-10 17:00:00,2.93313333333
2012-11-10 18:00:00,2.92946666667
2012-11-10 19:00:00,2.936775
2012-11-10 20:00:00,2.94774166667
2012-11-10 21:00:00,2.79241666667
2012-11-10 22:00:00,2.80154166667
2012-11-10 23:00:00,2.78875
2012-11-11 00:00:00,2.80155
2012-11-11 01:00:00,2.77598333333
2012-11-11 02:00:00,2.89474166667
2012-11-11 03:00:00,2.20853333333
2012-11-11 04:00:00,2.048625
2012-11-11 05:00:00,1.97735833333
2012-11-11 06:00:00,1.97188333333
2012-11-11 07:00:00,1.9938
2012-11-11 08:00:00,1.97186666667
2012-11-11 09:00:00,1.98830833333
2012-11-11 10:00:00,1.99560833333
2012-11-11 11:00:00,1.968225
2012-11-11 12:00:00,1.96639166667
2012-11-11 13:00:00,1.97004166667
2012-11-11 14:00:00,2.69555
2012-11-11 15:00:00,2.93860833333
2012-11-11 16:00:00,2.92216666667
2012-11-11 17:00:00,2.92764166667
2012-11-11 18:00:00,2.92399166667
2012-11-11 19:00:00,2.91484166667
2012-11-11 20:00:00,2.95140833333
2012-11-11 21:00:00,2.79059166667
2012-11-11 22:00:00,2.77231666667
2012-11-11 23:00:00,2.76685
2012-11-12 00:00:00,9.05703333333
2012-11-12 01:00:00,8.73904166667
2012-11-12 02:00:00,9.17490833333
2012-11-12 03:00:00,9.64914166667
2012-11-12 04:00:00,13.8487166667
2012-11-12 05:00:00,15.8224083333
2012-11-12 06:00:00,17.778725
2012-11-12 07:00:00,18.7939
2012-11-12 08:00:00,19.0470083333
2012-11-12 09:00:00,19.3257
2012-11-12 10:00:00,19.2708833333
2012-11-12 11:00:00,19.3119916667
2012-11-12 12:00:00,18.8140166667
2012-11-12 13:00:00,17.46075
2012-11-12 14:00:00,14.40245
2012-11-12 15:00:00,10.282375
2012-11-12 16:00:00,7.20488333333
2012-11-12 17:00:00,6.66850833333
2012-11-12 18:00:00,6.78731666667
2012-11-12 19:00:00,3.55629166667
2012-11-12 20:00:00,2.95505
2012-11-12 21:00:00,2.80336666667
2012-11-12 22:00:00,2.81069166667
2012-11-12 23:00:00,2.779625
2012-11-13 00:00:00,8.58371666667
2012-11-13 01:00:00,9.07165833333
2012-11-13 02:00:00,8.37720833333
2012-11-13 03:00:00,8.72260833333
2012-11-13 04:00:00,13.7344916667
2012-11-13 05:00:00,16.2728916667
2012-11-13 06:00:00,18.6266916667
2012-11-13 07:00:00,19.702175
2012-11-13 08:00:00,19.9251083333
2012-11-13 09:00:00,20.237625
2012-11-13 10:00:00,20.089575
2012-11-13 11:00:00,19.8638916667
2012-11-13 12:00:00,19.636375
2012-11-13 13:00:00,17.978825
2012-11-13 14:00:00,14.3476083333
2012-11-13 15:00:00,10.120625
2012-11-13 16:00:00,6.88233333333
2012-11-13 17:00:00,6.87411666667
2012-11-13 18:00:00,7.95780833333
2012-11-13 19:00:00,4.16485
2012-11-13 20:00:00,2.95139166667
2012-11-13 21:00:00,2.79605833333
2012-11-13 22:00:00,2.81435
2012-11-13 23:00:00,2.76316666667
2012-11-14 00:00:00,9.03146666667
2012-11-14 01:00:00,6.98190833333
2012-11-14 02:00:00,9.71310833333
2012-11-14 03:00:00,8.90810833333
2012-11-14 04:00:00,15.912875
2012-11-14 05:00:00,17.0230666667
2012-11-14 06:00:00,19.0223333333
2012-11-14 07:00:00,19.6564916667
2012-11-14 08:00:00,20.0731333333
2012-11-14 09:00:00,20.1307
2012-11-14 10:00:00,20.2522333333
2012-11-14 11:00:00,19.8337416667
2012-11-14 12:00:00,19.125575
2012-11-14 13:00:00,18.0592583333
2012-11-14 14:00:00,14.8520166667
2012-11-14 15:00:00,10.3728416667
2012-11-14 16:00:00,6.85491666667
2012-11-14 17:00:00,6.92343333333
2012-11-14 18:00:00,9.58791666667
2012-11-14 19:00:00,4.08261666667
2012-11-14 20:00:00,2.90388333333
2012-11-14 21:00:00,2.79606666667
2012-11-14 22:00:00,2.81433333333
2012-11-14 23:00:00,2.78145
2012-11-15 00:00:00,8.72718333333
2012-11-15 01:00:00,7.21401666667
2012-11-15 02:00:00,9.22425833333
2012-11-15 03:00:00,10.6140583333
2012-11-15 04:00:00,15.262275
2012-11-15 05:00:00,16.133075
2012-11-15 06:00:00,17.047725
2012-11-15 07:00:00,17.2277333333
2012-11-15 08:00:00,17.4168833333
2012-11-15 09:00:00,17.6206416667
2012-11-15 10:00:00,17.3620583333
2012-11-15 11:00:00,17.5347583333
2012-11-15 12:00:00,17.418725
2012-11-15 13:00:00,17.24145
2012-11-15 14:00:00,14.5504666667
2012-11-15 15:00:00,10.3445
2012-11-15 16:00:00,6.87226666667
2012-11-15 17:00:00,7.94594166667
2012-11-15 18:00:00,7.317275
2012-11-15 19:00:00,3.52705833333
2012-11-15 20:00:00,2.91848333333
2012-11-15 21:00:00,2.82165
2012-11-15 22:00:00,2.796075
2012-11-15 23:00:00,2.78510833333
2012-11-16 00:00:00,8.97023333333
2012-11-16 01:00:00,9.23886666667
2012-11-16 02:00:00,8.33519166667
2012-11-16 03:00:00,8.95195833333
2012-11-16 04:00:00,15.2239083333
2012-11-16 05:00:00,16.319475
2012-11-16 06:00:00,18.591975
2012-11-16 07:00:00,19.9790166667
2012-11-16 08:00:00,19.7478583333
2012-11-16 09:00:00,20.4870833333
2012-11-16 10:00:00,20.5254416667
2012-11-16 11:00:00,20.5747916667
2012-11-16 12:00:00,20.2613833333
2012-11-16 13:00:00,18.8651666667
2012-11-16 14:00:00,15.3673666667
2012-11-16 15:00:00,10.2914916667
2012-11-16 16:00:00,7.546625
2012-11-16 17:00:00,7.59780833333
2012-11-16 18:00:00,10.270475
2012-11-16 19:00:00,4.22605
2012-11-16 20:00:00,2.90386666667
2012-11-16 21:00:00,2.765
2012-11-16 22:00:00,2.77596666667
2012-11-16 23:00:00,2.76135
2012-11-17 00:00:00,2.75586666667
2012-11-17 01:00:00,2.75769166667
2012-11-17 02:00:00,2.86915
2012-11-17 03:00:00,2.32090833333
2012-11-17 04:00:00,2.015725
2012-11-17 05:00:00,17.7915166667
2012-11-17 06:00:00,17.3026666667
2012-11-17 07:00:00,18.6614
2012-11-17 08:00:00,18.7271916667
2012-11-17 09:00:00,18.8569416667
2012-11-17 10:00:00,3.91721666667
2012-11-17 11:00:00,1.93165833333
2012-11-17 12:00:00,1.92800833333
2012-11-17 13:00:00,1.92251666667
2012-11-17 14:00:00,2.695525
2012-11-17 15:00:00,2.91849166667
2012-11-17 16:00:00,2.88741666667
2012-11-17 17:00:00,2.89106666667
2012-11-17 18:00:00,2.891075
2012-11-17 19:00:00,2.887425
2012-11-17 20:00:00,2.92853333333
2012-11-17 21:00:00,2.75585
2012-11-17 22:00:00,2.744875
2012-11-17 23:00:00,2.75584166667
2012-11-18 00:00:00,2.7723
2012-11-18 01:00:00,2.73759166667
2012-11-18 02:00:00,2.87828333333
2012-11-18 03:00:00,2.3538
2012-11-18 04:00:00,2.01755
2012-11-18 05:00:00,1.9225
2012-11-18 06:00:00,1.94261666667
2012-11-18 07:00:00,1.95541666667
2012-11-18 08:00:00,1.93896666667
2012-11-18 09:00:00,1.94993333333
2012-11-18 10:00:00,1.935325
2012-11-18 11:00:00,1.9481
2012-11-18 12:00:00,1.97003333333
2012-11-18 13:00:00,1.93531666667
2012-11-18 14:00:00,2.69735833333
2012-11-18 15:00:00,2.898375
2012-11-18 16:00:00,2.89656666667
2012-11-18 17:00:00,2.88195
2012-11-18 18:00:00,2.894725
2012-11-18 19:00:00,2.88923333333
2012-11-18 20:00:00,2.90569166667
2012-11-18 21:00:00,2.75219166667
2012-11-18 22:00:00,2.78509166667
2012-11-18 23:00:00,2.750375
2012-11-19 00:00:00,10.359125
2012-11-19 01:00:00,10.212925
2012-11-19 02:00:00,11.41815
2012-11-19 03:00:00,10.519025
2012-11-19 04:00:00,16.6658
2012-11-19 05:00:00,19.1201166667
2012-11-19 06:00:00,20.4148833333
2012-11-19 07:00:00,20.8589666667
2012-11-19 08:00:00,22.7714333333
2012-11-19 09:00:00,17.1802333333
2012-11-19 10:00:00,16.5899416667
2012-11-19 11:00:00,16.511375
2012-11-19 12:00:00,15.8196583333
2012-11-19 13:00:00,14.235225
2012-11-19 14:00:00,11.7470916667
2012-11-19 15:00:00,10.5181166667
2012-11-19 16:00:00,6.80283333333
2012-11-19 17:00:00,6.97918333333
2012-11-19 18:00:00,9.61533333333
2012-11-19 19:00:00,3.47130833333
2012-11-19 20:00:00,2.89839166667
2012-11-19 21:00:00,2.80154166667
2012-11-19 22:00:00,2.76316666667
2012-11-19 23:00:00,2.761325
2012-11-20 00:00:00,8.7034
2012-11-20 01:00:00,9.61534166667
2012-11-20 02:00:00,8.51518333333
2012-11-20 03:00:00,10.02195
2012-11-20 04:00:00,15.8297166667
2012-11-20 05:00:00,14.5925083333
2012-11-20 06:00:00,15.0868416667
2012-11-20 07:00:00,15.7876916667
2012-11-20 08:00:00,16.3011916667
2012-11-20 09:00:00,16.378875
2012-11-20 10:00:00,16.32405
2012-11-20 11:00:00,16.1440333333
2012-11-20 12:00:00,15.1361833333
2012-11-20 13:00:00,13.8541916667
2012-11-20 14:00:00,11.429125
2012-11-20 15:00:00,10.3253166667
2012-11-20 16:00:00,6.79095
2012-11-20 17:00:00,6.801
2012-11-20 18:00:00,7.161925
2012-11-20 19:00:00,3.52155833333
2012-11-20 20:00:00,2.89565
2012-11-20 21:00:00,2.763175
2012-11-20 22:00:00,2.75766666667
2012-11-20 23:00:00,2.744875
2012-11-21 00:00:00,9.309225
2012-11-21 01:00:00,9.6857
2012-11-21 02:00:00,8.55904166667
2012-11-21 03:00:00,9.60895
2012-11-21 04:00:00,15.128875
2012-11-21 05:00:00,13.955625
2012-11-21 06:00:00,12.4716916667
2012-11-21 07:00:00,12.755875
2012-11-21 08:00:00,13.9473916667
2012-11-21 09:00:00,14.8209416667
2012-11-21 10:00:00,14.47555
2012-11-21 11:00:00,14.428925
2012-11-21 12:00:00,14.005875
2012-11-21 13:00:00,12.5329166667
2012-11-21 14:00:00,10.7538583333
2012-11-21 15:00:00,10.2622833333
2012-11-21 16:00:00,6.29935833333
2012-11-21 17:00:00,5.46603333333
2012-11-21 18:00:00,2.903875
2012-11-21 19:00:00,2.87463333333
2012-11-21 20:00:00,2.883775
2012-11-21 21:00:00,2.786925
2012-11-21 22:00:00,2.741225
2012-11-21 23:00:00,2.74671666667
2012-11-22 00:00:00,2.717475
2012-11-22 01:00:00,2.72843333333
2012-11-22 02:00:00,2.84540833333
2012-11-22 03:00:00,2.421425
2012-11-22 04:00:00,1.970025
2012-11-22 05:00:00,1.91155833333
2012-11-22 06:00:00,1.91520833333
2012-11-22 07:00:00,1.90606666667
2012-11-22 08:00:00,1.93896666667
2012-11-22 09:00:00,1.909725
2012-11-22 10:00:00,1.91703333333
2012-11-22 11:00:00,1.909725
2012-11-22 12:00:00,1.91703333333
2012-11-22 13:00:00,1.91155
2012-11-22 14:00:00,2.70285833333
2012-11-22 15:00:00,2.8801
2012-11-22 16:00:00,2.87828333333
2012-11-22 17:00:00,2.90021666667
2012-11-22 18:00:00,2.88560833333
2012-11-22 19:00:00,2.87828333333
2012-11-22 20:00:00,2.86915
2012-11-22 21:00:00,2.74305
2012-11-22 22:00:00,2.7266
2012-11-22 23:00:00,2.73756666667
2012-11-23 00:00:00,2.73575
2012-11-23 01:00:00,2.72843333333
2012-11-23 02:00:00,2.84905833333
2012-11-23 03:00:00,2.44884166667
2012-11-23 04:00:00,1.9682
2012-11-23 05:00:00,1.90423333333
2012-11-23 06:00:00,1.91703333333
2012-11-23 07:00:00,1.936225
2012-11-23 08:00:00,1.89328333333
2012-11-23 09:00:00,1.88415
2012-11-23 10:00:00,1.87500833333
2012-11-23 11:00:00,1.88415
2012-11-23 12:00:00,1.91154166667
2012-11-23 13:00:00,1.88231666667
2012-11-23 14:00:00,2.68459166667
2012-11-23 15:00:00,2.845425
2012-11-23 16:00:00,2.85455
2012-11-23 17:00:00,2.83811666667
2012-11-23 18:00:00,2.84540833333
2012-11-23 19:00:00,2.84724166667
2012-11-23 20:00:00,2.85454166667
2012-11-23 21:00:00,2.71746666667
2012-11-23 22:00:00,2.71564166667
2012-11-23 23:00:00,2.70466666667
2012-11-24 00:00:00,2.691875
2012-11-24 01:00:00,2.68639166667
2012-11-24 02:00:00,2.81433333333
2012-11-24 03:00:00,2.31543333333
2012-11-24 04:00:00,1.9353
2012-11-24 05:00:00,18.1296083333
2012-11-24 06:00:00,13.1012666667
2012-11-24 07:00:00,12.9011583333
2012-11-24 08:00:00,13.3315166667
2012-11-24 09:00:00,13.5682
2012-11-24 10:00:00,3.26664166667
2012-11-24 11:00:00,1.88778333333
2012-11-24 12:00:00,1.876825
2012-11-24 13:00:00,1.88415
2012-11-24 14:00:00,2.68641666667
2012-11-24 15:00:00,2.84175833333
2012-11-24 16:00:00,2.83810833333
2012-11-24 17:00:00,2.8509
2012-11-24 18:00:00,2.836275
2012-11-24 19:00:00,2.83628333333
2012-11-24 20:00:00,2.85090833333
2012-11-24 21:00:00,2.701025
2012-11-24 22:00:00,2.69188333333
2012-11-24 23:00:00,2.68091666667
2012-11-25 00:00:00,2.69005833333
2012-11-25 01:00:00,2.69188333333
2012-11-25 02:00:00,2.82895833333
2012-11-25 03:00:00,2.46163333333
2012-11-25 04:00:00,1.95175833333
2012-11-25 05:00:00,1.86036666667
2012-11-25 06:00:00,1.86220833333
2012-11-25 07:00:00,1.86401666667
2012-11-25 08:00:00,1.864025
2012-11-25 09:00:00,1.86585833333
2012-11-25 10:00:00,1.85853333333
2012-11-25 11:00:00,1.85124166667
2012-11-25 12:00:00,1.87499166667
2012-11-25 13:00:00,1.85305833333
2012-11-25 14:00:00,2.64803333333
2012-11-25 15:00:00,2.80886666667
2012-11-25 16:00:00,2.74123333333
2012-11-25 17:00:00,2.74855
2012-11-25 18:00:00,2.74854166667
2012-11-25 19:00:00,2.75401666667
2012-11-25 20:00:00,2.754025
2012-11-25 21:00:00,2.62885833333
2012-11-25 22:00:00,2.62245833333
2012-11-25 23:00:00,2.60600833333
2012-11-26 00:00:00,9.81361666667
2012-11-26 01:00:00,9.565075
2012-11-26 02:00:00,11.4154
2012-11-26 03:00:00,11.1741916667
2012-11-26 04:00:00,14.9744583333
2012-11-26 05:00:00,12.5712916667
2012-11-26 06:00:00,12.5274416667
2012-11-26 07:00:00,14.8227583333
2012-11-26 08:00:00,15.5382416667
2012-11-26 09:00:00,15.933875
2012-11-26 10:00:00,15.42675
2012-11-26 11:00:00,14.8812333333
2012-11-26 12:00:00,14.1858916667
2012-11-26 13:00:00,13.1524583333
2012-11-26 14:00:00,11.087375
2012-11-26 15:00:00,9.9973
2012-11-26 16:00:00,6.728825
2012-11-26 17:00:00,7.31910833333
2012-11-26 18:00:00,8.55540833333
2012-11-26 19:00:00,3.38908333333
2012-11-26 20:00:00,2.799725
2012-11-26 21:00:00,2.67543333333
2012-11-26 22:00:00,2.71565833333
2012-11-26 23:00:00,2.65534166667
2012-11-27 00:00:00,8.15515833333
2012-11-27 01:00:00,8.63853333333
2012-11-27 02:00:00,8.17528333333
2012-11-27 03:00:00,9.15390833333
2012-11-27 04:00:00,14.50205
2012-11-27 05:00:00,12.569475
2012-11-27 06:00:00,12.0815166667
2012-11-27 07:00:00,13.297725
2012-11-27 08:00:00,14.6363666667
2012-11-27 09:00:00,15.244
2012-11-27 10:00:00,15.4011666667
2012-11-27 11:00:00,14.055225
2012-11-27 12:00:00,13.210925
2012-11-27 13:00:00,12.4872333333
2012-11-27 14:00:00,10.9685833333
2012-11-27 15:00:00,10.085
2012-11-27 16:00:00,6.73248333333
2012-11-27 17:00:00,7.1473
2012-11-27 18:00:00,8.75640833333
2012-11-27 19:00:00,3.37263333333
2012-11-27 20:00:00,2.79423333333
2012-11-27 21:00:00,2.65169166667
2012-11-27 22:00:00,2.6992
2012-11-27 23:00:00,2.64803333333
2012-11-28 00:00:00,8.53436666667
2012-11-28 01:00:00,8.77013333333
2012-11-28 02:00:00,8.411925
2012-11-28 03:00:00,10.073125
2012-11-28 04:00:00,14.9653166667
2012-11-28 05:00:00,13.909925
2012-11-28 06:00:00,12.469875
2012-11-28 07:00:00,12.975175
2012-11-28 08:00:00,14.5312833333
2012-11-28 09:00:00,15.3298833333
2012-11-28 10:00:00,15.2238916667
2012-11-28 11:00:00,15.2019666667
2012-11-28 12:00:00,15.0868333333
2012-11-28 13:00:00,13.670525
2012-11-28 14:00:00,11.3816166667
2012-11-28 15:00:00,9.89859166667
2012-11-28 16:00:00,7.13450833333
2012-11-28 17:00:00,6.622825
2012-11-28 18:00:00,6.89420833333
2012-11-28 19:00:00,3.35526666667
2012-11-28 20:00:00,2.77780833333
2012-11-28 21:00:00,2.64439166667
2012-11-28 22:00:00,2.67545
2012-11-28 23:00:00,2.640725
2012-11-29 00:00:00,9.305575
2012-11-29 01:00:00,9.51299166667
2012-11-29 02:00:00,9.581525
2012-11-29 03:00:00,10.2759666667
2012-11-29 04:00:00,15.4980166667
2012-11-29 05:00:00,13.344325
2012-11-29 06:00:00,13.1506
2012-11-29 07:00:00,14.2206166667
2012-11-29 08:00:00,14.571475
2012-11-29 09:00:00,15.1535416667
2012-11-29 10:00:00,14.8903916667
2012-11-29 11:00:00,14.7496666667
2012-11-29 12:00:00,14.026
2012-11-29 13:00:00,13.8807
2012-11-29 14:00:00,11.5095333333
2012-11-29 15:00:00,10.2302833333
2012-11-29 16:00:00,6.71418333333
2012-11-29 17:00:00,6.73155
2012-11-29 18:00:00,9.20231666667
2012-11-29 19:00:00,4.03418333333
2012-11-29 20:00:00,2.77963333333
2012-11-29 21:00:00,2.65535
2012-11-29 22:00:00,2.66630833333
2012-11-29 23:00:00,2.63159166667
2012-11-30 00:00:00,9.16303333333
2012-11-30 01:00:00,9.640925
2012-11-30 02:00:00,10.2668333333
2012-11-30 03:00:00,10.8790416667
2012-11-30 04:00:00,16.3743083333
2012-11-30 05:00:00,13.4284
2012-11-30 06:00:00,13.50515
2012-11-30 07:00:00,13.7472833333
2012-11-30 08:00:00,14.3147083333
2012-11-30 09:00:00,14.075325
2012-11-30 10:00:00,14.390575
2012-11-30 11:00:00,14.2653833333
2012-11-30 12:00:00,14.104575
2012-11-30 13:00:00,13.7728833333
2012-11-30 14:00:00,11.9335166667
2012-11-30 15:00:00,10.2714083333
2012-11-30 16:00:00,6.67763333333
2012-11-30 17:00:00,8.34250833333
2012-11-30 18:00:00,6.6484
2012-11-30 19:00:00,3.46584166667
2012-11-30 20:00:00,2.76315833333
2012-11-30 21:00:00,2.6517
2012-11-30 22:00:00,2.62976666667
2012-11-30 23:00:00,2.63343333333
2012-12-01 00:00:00,2.629775
2012-12-01 01:00:00,2.63341666667
2012-12-01 02:00:00,2.74948333333
2012-12-01 03:00:00,2.35564166667
2012-12-01 04:00:00,1.864025
2012-12-01 05:00:00,18.692475
2012-12-01 06:00:00,12.8481666667
2012-12-01 07:00:00,12.1811333333
2012-12-01 08:00:00,13.1807666667
2012-12-01 09:00:00,13.7820166667
2012-12-01 10:00:00,3.29220833333
2012-12-01 11:00:00,1.81833333333
2012-12-01 12:00:00,1.80736666667
2012-12-01 13:00:00,1.81469166667
2012-12-01 14:00:00,2.64621666667
2012-12-01 15:00:00,2.78144166667
2012-12-01 16:00:00,2.77961666667
2012-12-01 17:00:00,2.759525
2012-12-01 18:00:00,2.766825
2012-12-01 19:00:00,2.779625
2012-12-01 20:00:00,2.77231666667
2012-12-01 21:00:00,2.63526666667
2012-12-01 22:00:00,2.62795
2012-12-01 23:00:00,2.66905833333
2012-12-02 00:00:00,2.62246666667
2012-12-02 01:00:00,2.6243
2012-12-02 02:00:00,2.74855
2012-12-02 03:00:00,2.50548333333
2012-12-02 04:00:00,1.90425
2012-12-02 05:00:00,1.811025
2012-12-02 06:00:00,1.820175
2012-12-02 07:00:00,1.83113333333
2012-12-02 08:00:00,1.822
2012-12-02 09:00:00,1.84759166667
2012-12-02 10:00:00,1.83113333333
2012-12-02 11:00:00,1.83295
2012-12-02 12:00:00,1.853075
2012-12-02 13:00:00,1.81651666667
2012-12-02 14:00:00,2.64804166667
2012-12-02 15:00:00,2.77779166667
2012-12-02 16:00:00,2.77048333333
2012-12-02 17:00:00,2.76500833333
2012-12-02 18:00:00,2.765
2012-12-02 19:00:00,2.77414166667
2012-12-02 20:00:00,2.77963333333
2012-12-02 21:00:00,2.63161666667
2012-12-02 22:00:00,2.65170833333
2012-12-02 23:00:00,2.64621666667
2012-12-03 00:00:00,10.4769916667
2012-12-03 01:00:00,10.1297833333
2012-12-03 02:00:00,12.4095583333
2012-12-03 03:00:00,13.1515333333
2012-12-03 04:00:00,15.8324583333
2012-12-03 05:00:00,13.7701333333
2012-12-03 06:00:00,14.307425
2012-12-03 07:00:00,14.600725
2012-12-03 08:00:00,15.1507916667
2012-12-03 09:00:00,15.4176083333
2012-12-03 10:00:00,15.9156083333
2012-12-03 11:00:00,16.4355166667
2012-12-03 12:00:00,16.1312583333
2012-12-03 13:00:00,15.1380166667
2012-12-03 14:00:00,12.1711
2012-12-03 15:00:00,10.4285666667
2012-12-03 16:00:00,6.91521666667
2012-12-03 17:00:00,9.92874166667
2012-12-03 18:00:00,6.10016666667
2012-12-03 19:00:00,3.58370833333
2012-12-03 20:00:00,2.99525833333
2012-12-03 21:00:00,2.85455833333
2012-12-03 22:00:00,2.816175
2012-12-03 23:00:00,2.6462
2012-12-04 00:00:00,9.1265
2012-12-04 01:00:00,9.5267
2012-12-04 02:00:00,10.2567833333
2012-12-04 03:00:00,12.0459
2012-12-04 04:00:00,16.0152
2012-12-04 05:00:00,13.8523666667
2012-12-04 06:00:00,15.2897
2012-12-04 07:00:00,16.2052666667
2012-12-04 08:00:00,16.5725833333
2012-12-04 09:00:00,16.9700666667
2012-12-04 10:00:00,16.3478166667
2012-12-04 11:00:00,15.3719416667
2012-12-04 12:00:00,14.9817666667
2012-12-04 13:00:00,13.4658583333
2012-12-04 14:00:00,11.5140916667
2012-12-04 15:00:00,10.2787166667
2012-12-04 16:00:00,6.69866666667
2012-12-04 17:00:00,6.72424166667
2012-12-04 18:00:00,9.24800833333
2012-12-04 19:00:00,4.00404166667
2012-12-04 20:00:00,2.77779166667
2012-12-04 21:00:00,2.653525
2012-12-04 22:00:00,2.633425
2012-12-04 23:00:00,2.637075
2012-12-05 00:00:00,9.1082
2012-12-05 01:00:00,9.635425
2012-12-05 02:00:00,9.8063
2012-12-05 03:00:00,10.9850333333
2012-12-05 04:00:00,15.5044166667
2012-12-05 05:00:00,12.7184166667
2012-12-05 06:00:00,13.8852833333
2012-12-05 07:00:00,16.225375
2012-12-05 08:00:00,16.82295
2012-12-05 09:00:00,17.0157666667
2012-12-05 10:00:00,16.41635
2012-12-05 11:00:00,15.9914416667
2012-12-05 12:00:00,15.23395
2012-12-05 13:00:00,13.8277083333
2012-12-05 14:00:00,11.4172583333
2012-12-05 15:00:00,10.3171
2012-12-05 16:00:00,6.755325
2012-12-05 17:00:00,6.75715
2012-12-05 18:00:00,9.069825
2012-12-05 19:00:00,4.09631666667
2012-12-05 20:00:00,2.891075
2012-12-05 21:00:00,2.75036666667
2012-12-05 22:00:00,2.76133333333
2012-12-05 23:00:00,2.74305833333
2012-12-06 00:00:00,8.878875
2012-12-06 01:00:00,9.76793333333
2012-12-06 02:00:00,10.011
2012-12-06 03:00:00,10.063975
2012-12-06 04:00:00,16.5652833333
2012-12-06 05:00:00,13.8679083333
2012-12-06 06:00:00,13.0957833333
2012-12-06 07:00:00,13.4804833333
2012-12-06 08:00:00,13.8322666667
2012-12-06 09:00:00,13.9802916667
2012-12-06 10:00:00,14.7048916667
2012-12-06 11:00:00,15.810525
2012-12-06 12:00:00,15.6012666667
2012-12-06 13:00:00,14.1201
2012-12-06 14:00:00,11.5917666667
2012-12-06 15:00:00,10.016475
2012-12-06 16:00:00,7.28711666667
2012-12-06 17:00:00,6.79188333333
2012-12-06 18:00:00,9.12375
2012-12-06 19:00:00,4.140175
2012-12-06 20:00:00,2.88925
2012-12-06 21:00:00,2.73394166667
2012-12-06 22:00:00,2.75769166667
2012-12-06 23:00:00,2.72295
2012-12-07 00:00:00,8.96475
2012-12-07 01:00:00,7.88743333333
2012-12-07 02:00:00,10.0155666667
2012-12-07 03:00:00,8.65591666667
2012-12-07 04:00:00,16.5250833333
2012-12-07 05:00:00,13.8542
2012-12-07 06:00:00,12.7312083333
2012-12-07 07:00:00,12.945025
2012-12-07 08:00:00,14.812725
2012-12-07 09:00:00,13.9501333333
2012-12-07 10:00:00,13.3671583333
2012-12-07 11:00:00,13.2958916667
2012-12-07 12:00:00,14.0141
2012-12-07 13:00:00,13.04005
2012-12-07 14:00:00,11.0992583333
2012-12-07 15:00:00,9.84925
2012-12-07 16:00:00,7.10438333333
2012-12-07 17:00:00,8.274875
2012-12-07 18:00:00,6.66850833333
2012-12-07 19:00:00,3.57090833333
2012-12-07 20:00:00,2.87280833333
2012-12-07 21:00:00,2.73940833333
2012-12-07 22:00:00,2.7193
2012-12-07 23:00:00,2.72294166667
2012-12-08 00:00:00,2.72113333333
2012-12-08 01:00:00,2.71931666667
2012-12-08 02:00:00,2.85635833333
2012-12-08 03:00:00,2.701025
2012-12-08 04:00:00,1.99560833333
2012-12-08 05:00:00,16.1559083333
2012-12-08 06:00:00,11.5862916667
2012-12-08 07:00:00,10.6140416667
2012-12-08 08:00:00,11.09195
2012-12-08 09:00:00,12.4150583333
2012-12-08 10:00:00,3.29588333333
2012-12-08 11:00:00,1.906075
2012-12-08 12:00:00,1.928
2012-12-08 13:00:00,1.93348333333
2012-12-08 14:00:00,2.73758333333
2012-12-08 15:00:00,2.87280833333
2012-12-08 16:00:00,2.87828333333
2012-12-08 17:00:00,2.86000833333
2012-12-08 18:00:00,2.86733333333
2012-12-08 19:00:00,2.84905833333
2012-12-08 20:00:00,2.856375
2012-12-08 21:00:00,2.72661666667
2012-12-08 22:00:00,2.764075
2012-12-08 23:00:00,2.72478333333
2012-12-09 00:00:00,2.73026666667
2012-12-09 01:00:00,2.73575
2012-12-09 02:00:00,2.847225
2012-12-09 03:00:00,2.644375
2012-12-09 04:00:00,1.99561666667
2012-12-09 05:00:00,1.9079
2012-12-09 06:00:00,1.90058333333
2012-12-09 07:00:00,1.90974166667
2012-12-09 08:00:00,1.928
2012-12-09 09:00:00,1.91155833333
2012-12-09 10:00:00,1.91155833333
2012-12-09 11:00:00,1.93898333333
2012-12-09 12:00:00,1.926175
2012-12-09 13:00:00,1.906075
2012-12-09 14:00:00,2.7193
2012-12-09 15:00:00,2.84723333333
2012-12-09 16:00:00,2.83993333333
2012-12-09 17:00:00,2.85455833333
2012-12-09 18:00:00,2.83628333333
2012-12-09 19:00:00,2.84176666667
2012-12-09 20:00:00,2.87830833333
2012-12-09 21:00:00,2.70101666667
2012-12-09 22:00:00,2.69371666667
2012-12-09 23:00:00,2.70285833333
2012-12-10 00:00:00,9.38506666667
2012-12-10 01:00:00,9.701225
2012-12-10 02:00:00,9.80905833333
2012-12-10 03:00:00,10.4687666667
2012-12-10 04:00:00,14.066175
2012-12-10 05:00:00,12.4543333333
2012-12-10 06:00:00,13.5444416667
2012-12-10 07:00:00,14.513
2012-12-10 08:00:00,15.3235083333
2012-12-10 09:00:00,15.8242333333
2012-12-10 10:00:00,15.8836333333
2012-12-10 11:00:00,15.730125
2012-12-10 12:00:00,15.076775
2012-12-10 13:00:00,13.5471833333
2012-12-10 14:00:00,11.359675
2012-12-10 15:00:00,10.3143583333
2012-12-10 16:00:00,6.738875
2012-12-10 17:00:00,6.762625
2012-12-10 18:00:00,9.85290833333
2012-12-10 19:00:00,3.73905
2012-12-10 20:00:00,2.85453333333
2012-12-10 21:00:00,2.74488333333
2012-12-10 22:00:00,2.73026666667
2012-12-10 23:00:00,2.71380833333
2012-12-11 00:00:00,8.04643333333
2012-12-11 01:00:00,6.73701666667
2012-12-11 02:00:00,9.5002
2012-12-11 03:00:00,8.75824166667
2012-12-11 04:00:00,14.2142166667
2012-12-11 05:00:00,15.2211583333
2012-12-11 06:00:00,16.967325
2012-12-11 07:00:00,14.9442833333
2012-12-11 08:00:00,15.0237916667
2012-12-11 09:00:00,15.3902166667
2012-12-11 10:00:00,15.331725
2012-12-11 11:00:00,15.0722166667
2012-12-11 12:00:00,14.7186083333
2012-12-11 13:00:00,13.5426166667
2012-12-11 14:00:00,11.1988583333
2012-12-11 15:00:00,10.2997333333
2012-12-11 16:00:00,6.825675
2012-12-11 17:00:00,6.73703333333
2012-12-11 18:00:00,6.83571666667
2012-12-11 19:00:00,3.48776666667
2012-12-11 20:00:00,2.84723333333
2012-12-11 21:00:00,2.74305833333
2012-12-11 22:00:00,2.7522
2012-12-11 23:00:00,2.724775
2012-12-12 00:00:00,9.212375
2012-12-12 01:00:00,6.79551666667
2012-12-12 02:00:00,9.52669166667
2012-12-12 03:00:00,8.879775
2012-12-12 04:00:00,14.218775
2012-12-12 05:00:00,14.4472166667
2012-12-12 06:00:00,13.1898916667
2012-12-12 07:00:00,13.52525
2012-12-12 08:00:00,14.9196166667
2012-12-12 09:00:00,15.5766166667
2012-12-12 10:00:00,15.3225833333
2012-12-12 11:00:00,14.321125
2012-12-12 12:00:00,13.2639166667
2012-12-12 13:00:00,12.7165666667
2012-12-12 14:00:00,11.273775
2012-12-12 15:00:00,10.2887666667
2012-12-12 16:00:00,6.88234166667
2012-12-12 17:00:00,6.79825833333
2012-12-12 18:00:00,6.93165
2012-12-12 19:00:00,3.45395833333
2012-12-12 20:00:00,2.887425
2012-12-12 21:00:00,2.72296666667
2012-12-12 22:00:00,2.73575833333
2012-12-12 23:00:00,2.71748333333
2012-12-13 00:00:00,9.36041666667
2012-12-13 01:00:00,6.959975
2012-12-13 02:00:00,10.0164666667
2012-12-13 03:00:00,9.618075
2012-12-13 04:00:00,14.922375
2012-12-13 05:00:00,13.3681083333
2012-12-13 06:00:00,12.7312
2012-12-13 07:00:00,12.74675
2012-12-13 08:00:00,12.6964833333
2012-12-13 09:00:00,12.8170916667
2012-12-13 10:00:00,12.6297833333
2012-12-13 11:00:00,12.4159583333
2012-12-13 12:00:00,12.274325
2012-12-13 13:00:00,12.0714666667
2012-12-13 14:00:00,10.594875
2012-12-13 15:00:00,9.97354166667
2012-12-13 16:00:00,6.79916666667
2012-12-13 17:00:00,6.70048333333
2012-12-13 18:00:00,6.716925
2012-12-13 19:00:00,3.41650833333
2012-12-13 20:00:00,2.82348333333
2012-12-13 21:00:00,2.70283333333
2012-12-13 22:00:00,2.70466666667
2012-12-13 23:00:00,2.69004166667
2012-12-14 00:00:00,8.94920833333
2012-12-14 01:00:00,6.55155
2012-12-14 02:00:00,9.345775
2012-12-14 03:00:00,9.35765833333
2012-12-14 04:00:00,13.7326583333
2012-12-14 05:00:00,14.4326
2012-12-14 06:00:00,14.5458833333
2012-12-14 07:00:00,12.9432083333
2012-12-14 08:00:00,12.4315
2012-12-14 09:00:00,12.0769583333
2012-12-14 10:00:00,11.777275
2012-12-14 11:00:00,11.685875
2012-12-14 12:00:00,11.5396833333
2012-12-14 13:00:00,11.5981583333
2012-12-14 14:00:00,10.4249
2012-12-14 15:00:00,9.964375
2012-12-14 16:00:00,6.69683333333
2012-12-14 17:00:00,6.66119166667
2012-12-14 18:00:00,6.62374166667
2012-12-14 19:00:00,3.38724166667
2012-12-14 20:00:00,2.82348333333
2012-12-14 21:00:00,2.70285
2012-12-14 22:00:00,2.7394
2012-12-14 23:00:00,2.68639166667
2012-12-15 00:00:00,2.66263333333
2012-12-15 01:00:00,2.68456666667
2012-12-15 02:00:00,2.83811666667
2012-12-15 03:00:00,2.74854166667
2012-12-15 04:00:00,1.926175
2012-12-15 05:00:00,13.6568416667
2012-12-15 06:00:00,11.9362583333
2012-12-15 07:00:00,9.93421666667
2012-12-15 08:00:00,10.3947666667
2012-12-15 09:00:00,10.7986416667
2012-12-15 10:00:00,3.090275
2012-12-15 11:00:00,1.88230833333
2012-12-15 12:00:00,1.873175
2012-12-15 13:00:00,1.867675
2012-12-15 14:00:00,2.735775
2012-12-15 15:00:00,2.8308
2012-12-15 16:00:00,2.83994166667
2012-12-15 17:00:00,2.82715
2012-12-15 18:00:00,2.810675
2012-12-15 19:00:00,2.81616666667
2012-12-15 20:00:00,2.855475
2012-12-15 21:00:00,2.68274166667
2012-12-15 22:00:00,2.70468333333
2012-12-15 23:00:00,2.66994166667
2012-12-16 00:00:00,2.67726666667
2012-12-16 01:00:00,2.69005833333
2012-12-16 02:00:00,2.80155833333
2012-12-16 03:00:00,2.60780833333
2012-12-16 04:00:00,1.94444166667
2012-12-16 05:00:00,1.85306666667
2012-12-16 06:00:00,1.85853333333
2012-12-16 07:00:00,1.87134166667
2012-12-16 08:00:00,1.884125
2012-12-16 09:00:00,1.87865
2012-12-16 10:00:00,1.9152
2012-12-16 11:00:00,1.89144166667
2012-12-16 12:00:00,1.880475
2012-12-16 13:00:00,1.876825
2012-12-16 14:00:00,2.70286666667
2012-12-16 15:00:00,2.82531666667
2012-12-16 16:00:00,2.83445833333
2012-12-16 17:00:00,2.83445833333
2012-12-16 18:00:00,2.83991666667
2012-12-16 19:00:00,2.82165
2012-12-16 20:00:00,2.8509
2012-12-16 21:00:00,2.697375
2012-12-16 22:00:00,2.688225
2012-12-16 23:00:00,2.691875
2012-12-17 00:00:00,8.943725
2012-12-17 01:00:00,8.33791666667
2012-12-17 02:00:00,8.527075
2012-12-17 03:00:00,9.26903333333
2012-12-17 04:00:00,13.8478083333
2012-12-17 05:00:00,14.3311583333
2012-12-17 06:00:00,11.9819333333
2012-12-17 07:00:00,12.3885416667
2012-12-17 08:00:00,11.9983916667
2012-12-17 09:00:00,12.3227583333
2012-12-17 10:00:00,12.3684333333
2012-12-17 11:00:00,13.0153666667
2012-12-17 12:00:00,13.2758
2012-12-17 13:00:00,12.6809416667
2012-12-17 14:00:00,10.6990416667
2012-12-17 15:00:00,9.966225
2012-12-17 16:00:00,6.72423333333
2012-12-17 17:00:00,6.66484166667
2012-12-17 18:00:00,6.8147
2012-12-17 19:00:00,3.40735
2012-12-17 20:00:00,2.81616666667
2012-12-17 21:00:00,2.68824166667
2012-12-17 22:00:00,2.66811666667
2012-12-17 23:00:00,2.69279166667
2012-12-18 00:00:00,8.893475
2012-12-18 01:00:00,6.59541666667
2012-12-18 02:00:00,9.92050833333
2012-12-18 03:00:00,9.11735
2012-12-18 04:00:00,14.6701833333
2012-12-18 05:00:00,13.6705416667
2012-12-18 06:00:00,11.6511583333
2012-12-18 07:00:00,11.884175
2012-12-18 08:00:00,12.0952416667
2012-12-18 09:00:00,12.75405
2012-12-18 10:00:00,12.5868166667
2012-12-18 11:00:00,12.076975
2012-12-18 12:00:00,11.8156333333
2012-12-18 13:00:00,11.5936
2012-12-18 14:00:00,10.1846
2012-12-18 15:00:00,9.94975833333
2012-12-18 16:00:00,7.06873333333
2012-12-18 17:00:00,6.62191666667
2012-12-18 18:00:00,6.63106666667
2012-12-18 19:00:00,3.36715
2012-12-18 20:00:00,2.77413333333
2012-12-18 21:00:00,2.68094166667
2012-12-18 22:00:00,2.64620833333
2012-12-18 23:00:00,2.633425
2012-12-19 00:00:00,8.03
2012-12-19 01:00:00,6.539675
2012-12-19 02:00:00,7.09339166667
2012-12-19 03:00:00,4.44535833333
2012-12-19 04:00:00,3.87610833333
2012-12-19 05:00:00,6.92345833333
2012-12-19 06:00:00,16.0508333333
2012-12-19 07:00:00,16.5159333333
2012-12-19 08:00:00,17.2039833333
2012-12-19 09:00:00,17.8417833333
2012-12-19 10:00:00,17.757725
2012-12-19 11:00:00,17.5283583333
2012-12-19 12:00:00,17.1226666667
2012-12-19 13:00:00,16.1906416667
2012-12-19 14:00:00,13.3379333333
2012-12-19 15:00:00,10.0530166667
2012-12-19 16:00:00,8.63855
2012-12-19 17:00:00,7.324575
2012-12-19 18:00:00,7.58773333333
2012-12-19 19:00:00,3.49325
2012-12-19 20:00:00,2.76684166667
2012-12-19 21:00:00,2.67363333333
2012-12-19 22:00:00,2.642575
2012-12-19 23:00:00,2.62064166667
2012-12-20 00:00:00,3.94373333333
2012-12-20 01:00:00,4.05245833333
2012-12-20 02:00:00,4.20870833333
2012-12-20 03:00:00,4.1347
2012-12-20 04:00:00,10.7502166667
2012-12-20 05:00:00,5.1919
2012-12-20 06:00:00,4.9388
2012-12-20 07:00:00,12.8307916667
2012-12-20 08:00:00,21.7918833333
2012-12-20 09:00:00,19.0588916667
2012-12-20 10:00:00,14.0323666667
2012-12-20 11:00:00,13.7381333333
2012-12-20 12:00:00,13.2492916667
2012-12-20 13:00:00,12.4771916667
2012-12-20 14:00:00,10.4815666667
2012-12-20 15:00:00,9.91230833333
2012-12-20 16:00:00,6.69866666667
2012-12-20 17:00:00,6.61094166667
2012-12-20 18:00:00,6.59175
2012-12-20 19:00:00,3.358025
2012-12-20 20:00:00,2.783275
2012-12-20 21:00:00,2.66084166667
2012-12-20 22:00:00,2.624275
2012-12-20 23:00:00,2.62519166667
2012-12-21 00:00:00,3.91540833333
2012-12-21 01:00:00,4.06615833333
2012-12-21 02:00:00,4.25165
2012-12-21 03:00:00,4.1219
2012-12-21 04:00:00,4.29368333333
2012-12-21 05:00:00,15.8224
2012-12-21 06:00:00,14.56965
2012-12-21 07:00:00,12.7650083333
2012-12-21 08:00:00,12.9834083333
2012-12-21 09:00:00,12.5557666667
2012-12-21 10:00:00,12.2734083333
2012-12-21 11:00:00,11.998375
2012-12-21 12:00:00,11.621925
2012-12-21 13:00:00,11.4510583333
2012-12-21 14:00:00,10.2092666667
2012-12-21 15:00:00,9.947025
2012-12-21 16:00:00,6.76444166667
2012-12-21 17:00:00,6.73978333333
2012-12-21 18:00:00,6.71328333333
2012-12-21 19:00:00,3.46399166667
2012-12-21 20:00:00,2.88925
2012-12-21 21:00:00,2.7467
2012-12-21 22:00:00,2.73575
2012-12-21 23:00:00,2.737575
2012-12-22 00:00:00,2.75220833333
2012-12-22 01:00:00,2.73391666667
2012-12-22 02:00:00,2.8454
2012-12-22 03:00:00,2.72295833333
2012-12-22 04:00:00,1.97004166667
2012-12-22 05:00:00,11.0088083333
2012-12-22 06:00:00,3.74725833333
2012-12-22 07:00:00,3.64035
2012-12-22 08:00:00,3.64585833333
2012-12-22 09:00:00,3.70524166667
2012-12-22 10:00:00,8.61935
2012-12-22 11:00:00,1.938975
2012-12-22 12:00:00,1.942625
2012-12-22 13:00:00,1.93714166667
2012-12-22 14:00:00,2.67543333333
2012-12-22 15:00:00,2.91484166667
2012-12-22 16:00:00,2.92215
2012-12-22 17:00:00,2.88010833333
2012-12-22 18:00:00,2.87829166667
2012-12-22 19:00:00,2.88376666667
2012-12-22 20:00:00,2.90020833333
2012-12-22 21:00:00,2.76133333333
2012-12-22 22:00:00,2.74488333333
2012-12-22 23:00:00,2.76316666667
2012-12-23 00:00:00,2.73209166667
2012-12-23 01:00:00,2.733925
2012-12-23 02:00:00,2.85636666667
2012-12-23 03:00:00,2.797875
2012-12-23 04:00:00,1.99014166667
2012-12-23 05:00:00,1.93165833333
2012-12-23 06:00:00,1.929825
2012-12-23 07:00:00,1.92435
2012-12-23 08:00:00,1.928
2012-12-23 09:00:00,1.94263333333
2012-12-23 10:00:00,1.98648333333
2012-12-23 11:00:00,1.93896666667
2012-12-23 12:00:00,1.93714166667
2012-12-23 13:00:00,1.95998333333
2012-12-23 14:00:00,2.6791
2012-12-23 15:00:00,2.90020833333
2012-12-23 16:00:00,2.911175
2012-12-23 17:00:00,2.91118333333
2012-12-23 18:00:00,2.90204166667
2012-12-23 19:00:00,2.9002
2012-12-23 20:00:00,2.90388333333
2012-12-23 21:00:00,2.75219166667
2012-12-23 22:00:00,2.74854166667
2012-12-23 23:00:00,2.74673333333
2012-12-24 00:00:00,2.77045833333
2012-12-24 01:00:00,2.73391666667
2012-12-24 02:00:00,2.86185
2012-12-24 03:00:00,2.8125
2012-12-24 04:00:00,1.9883
2012-12-24 05:00:00,1.92251666667
2012-12-24 06:00:00,1.9664
2012-12-24 07:00:00,1.96639166667
2012-12-24 08:00:00,1.95724166667
2012-12-24 09:00:00,1.938975
2012-12-24 10:00:00,1.93714166667
2012-12-24 11:00:00,1.93530833333
2012-12-24 12:00:00,1.95541666667
2012-12-24 13:00:00,1.94079166667
2012-12-24 14:00:00,2.66265
2012-12-24 15:00:00,2.88925
2012-12-24 16:00:00,2.91940833333
2012-12-24 17:00:00,2.870975
2012-12-24 18:00:00,2.88011666667
2012-12-24 19:00:00,2.90020833333
2012-12-24 20:00:00,2.88923333333
2012-12-24 21:00:00,2.76680833333
2012-12-24 22:00:00,2.750375
2012-12-24 23:00:00,2.754025
2012-12-25 00:00:00,2.77230833333
2012-12-25 01:00:00,2.7394
2012-12-25 02:00:00,2.86001666667
2012-12-25 03:00:00,2.74671666667
2012-12-25 04:00:00,1.97734166667
2012-12-25 05:00:00,1.91155833333
2012-12-25 06:00:00,1.91155833333
2012-12-25 07:00:00,1.92799166667
2012-12-25 08:00:00,1.92616666667
2012-12-25 09:00:00,1.949925
2012-12-25 10:00:00,1.937125
2012-12-25 11:00:00,1.928
2012-12-25 12:00:00,1.93895833333
2012-12-25 13:00:00,1.94079166667
2012-12-25 14:00:00,2.69370833333
2012-12-25 15:00:00,2.91848333333
2012-12-25 16:00:00,2.89653333333
2012-12-25 17:00:00,2.92031666667
2012-12-25 18:00:00,2.8929
2012-12-25 19:00:00,2.89289166667
2012-12-25 20:00:00,2.88741666667
2012-12-25 21:00:00,2.75035833333
2012-12-25 22:00:00,2.74306666667
2012-12-25 23:00:00,2.7449
2012-12-26 00:00:00,9.44810833333
2012-12-26 01:00:00,6.91705833333
2012-12-26 02:00:00,10.2174916667
2012-12-26 03:00:00,9.09266666667
2012-12-26 04:00:00,11.3021166667
2012-12-26 05:00:00,13.9656833333
2012-12-26 06:00:00,13.945575
2012-12-26 07:00:00,14.0204916667
2012-12-26 08:00:00,12.5183
2012-12-26 09:00:00,11.345975
2012-12-26 10:00:00,11.755325
2012-12-26 11:00:00,12.1089416667
2012-12-26 12:00:00,11.4080916667
2012-12-26 13:00:00,11.4218
2012-12-26 14:00:00,9.87940833333
2012-12-26 15:00:00,9.80995833333
2012-12-26 16:00:00,6.26098333333
2012-12-26 17:00:00,6.931675
2012-12-26 18:00:00,6.58994166667
2012-12-26 19:00:00,3.372625
2012-12-26 20:00:00,2.78875833333
2012-12-26 21:00:00,2.68275
2012-12-26 22:00:00,2.65715833333
2012-12-26 23:00:00,2.64255
2012-12-27 00:00:00,8.9474
2012-12-27 01:00:00,6.69590833333
2012-12-27 02:00:00,9.12831666667
2012-12-27 03:00:00,9.29278333333
2012-12-27 04:00:00,10.5500833333
2012-12-27 05:00:00,14.9506833333
2012-12-27 06:00:00,14.5979833333
2012-12-27 07:00:00,12.396775
2012-12-27 08:00:00,12.6270166667
2012-12-27 09:00:00,12.970625
2012-12-27 10:00:00,12.977
2012-12-27 11:00:00,12.8947666667
2012-12-27 12:00:00,12.5192166667
2012-12-27 13:00:00,11.6529916667
2012-12-27 14:00:00,10.003675
2012-12-27 15:00:00,9.7661
2012-12-27 16:00:00,6.607275
2012-12-27 17:00:00,6.60271666667
2012-12-27 18:00:00,6.55795
2012-12-27 19:00:00,3.34155833333
2012-12-27 20:00:00,2.75220833333
2012-12-27 21:00:00,2.62428333333
2012-12-27 22:00:00,2.6444
2012-12-27 23:00:00,2.620625
2012-12-28 00:00:00,3.94645
2012-12-28 01:00:00,4.05245
2012-12-28 02:00:00,4.21876666667
2012-12-28 03:00:00,4.14565833333
2012-12-28 04:00:00,3.73813333333
2012-12-28 05:00:00,15.2915083333
2012-12-28 06:00:00,13.244725
2012-12-28 07:00:00,11.9134083333
2012-12-28 08:00:00,12.6718166667
2012-12-28 09:00:00,12.9468416667
2012-12-28 10:00:00,12.7248083333
2012-12-28 11:00:00,12.7184083333
2012-12-28 12:00:00,12.2003166667
2012-12-28 13:00:00,11.3158166667
2012-12-28 14:00:00,9.96621666667
2012-12-28 15:00:00,9.64184166667
2012-12-28 16:00:00,6.62283333333
2012-12-28 17:00:00,6.50679166667
2012-12-28 18:00:00,6.536025
2012-12-28 19:00:00,3.305
2012-12-28 20:00:00,2.74305833333
2012-12-28 21:00:00,2.58589166667
2012-12-28 22:00:00,2.57859166667
2012-12-28 23:00:00,2.57676666667
2012-12-29 00:00:00,2.57675
2012-12-29 01:00:00,2.5859
2012-12-29 02:00:00,2.71564166667
2012-12-29 03:00:00,2.60233333333
2012-12-29 04:00:00,1.80555833333
2012-12-29 05:00:00,11.6913666667
2012-12-29 06:00:00,13.2648333333
2012-12-29 07:00:00,12.114425
2012-12-29 08:00:00,10.7017833333
2012-12-29 09:00:00,9.71585
2012-12-29 10:00:00,2.95046666667
2012-12-29 11:00:00,1.7818
2012-12-29 12:00:00,1.79091666667
2012-12-29 13:00:00,1.752575
2012-12-29 14:00:00,2.46345833333
2012-12-29 15:00:00,2.731175
2012-12-29 16:00:00,2.726625
2012-12-29 17:00:00,2.71015833333
2012-12-29 18:00:00,2.701025
2012-12-29 19:00:00,2.7321
2012-12-29 20:00:00,2.72113333333
2012-12-29 21:00:00,2.576775
2012-12-29 22:00:00,2.56945833333
2012-12-29 23:00:00,2.560325
2012-12-30 00:00:00,2.56945
2012-12-30 01:00:00,2.57769166667
2012-12-30 02:00:00,2.70284166667
2012-12-30 03:00:00,2.6005
2012-12-30 04:00:00,1.83298333333
2012-12-30 05:00:00,1.75438333333
2012-12-30 06:00:00,1.74341666667
2012-12-30 07:00:00,1.73795
2012-12-30 08:00:00,1.74526666667
2012-12-30 09:00:00,1.75256666667
2012-12-30 10:00:00,1.759875
2012-12-30 11:00:00,1.77448333333
2012-12-30 12:00:00,1.7617
2012-12-30 13:00:00,1.76900833333
2012-12-30 14:00:00,2.41959166667
2012-12-30 15:00:00,2.73393333333
2012-12-30 16:00:00,2.71199166667
2012-12-30 17:00:00,2.69919166667
2012-12-30 18:00:00,2.6992
2012-12-30 19:00:00,2.71564166667
2012-12-30 20:00:00,2.70101666667
2012-12-30 21:00:00,2.55483333333
2012-12-30 22:00:00,2.5329
2012-12-30 23:00:00,2.53290833333
2012-12-31 00:00:00,3.85785
2012-12-31 01:00:00,4.00310833333
2012-12-31 02:00:00,4.245275
2012-12-31 03:00:00,4.1219
2012-12-31 04:00:00,3.57274166667
2012-12-31 05:00:00,4.2937
2012-12-31 06:00:00,12.171075
2012-12-31 07:00:00,12.9221833333
2012-12-31 08:00:00,11.5972583333
2012-12-31 09:00:00,11.583525
2012-12-31 10:00:00,11.6758416667
2012-12-31 11:00:00,11.65025
2012-12-31 12:00:00,11.485775
2012-12-31 13:00:00,8.695
2012-12-31 14:00:00,7.1775
2012-12-31 15:00:00,8.4275
2012-12-31 16:00:00,7.52
2012-12-31 17:00:00,7.45
2012-12-31 18:00:00,7.98
2012-12-31 19:00:00,5.995
2012-12-31 20:00:00,4.9225
2012-12-31 21:00:00,4.725
2012-12-31 22:00:00,4.6775
2012-12-31 23:00:00,4.67
